instant,dteday,season,yr,mnth,holiday,weekday,workingday,weathersit,temp,atemp,hum,windspeed,casual,registered,cnt
1,2011-01-01,1,0,1,0,6,0,2,0.344167,0.363625,0.5910219811732638,0.1488044139823383,5.805134968916488,654,985
2,2011-01-02,1,0,1,0,0,0,2,0.363478,0.353739,0.5283238332238679,0.22197406773479275,4.882801922586371,670,801
3,2011-01-03,1,0,1,0,1,1,1,0.196364,0.189405,0.3627475681763128,0.22178983545421296,4.795790545596741,1229,1349
4,2011-01-04,1,0,1,0,2,1,1,0.2,0.212122,0.4640075637202747,0.14867514498112328,4.6913478822291435,1454,1562
5,2011-01-05,1,0,1,0,3,1,1,0.226957,0.22927,0.3625276831975371,0.17134486608032246,4.418840607796598,1518,1600
6,2011-01-06,1,0,1,0,4,1,1,0.204348,0.233209,0.41756560095290096,0.08577871757708048,4.48863636973214,1518,1606
7,2011-01-07,1,0,1,0,5,1,2,0.196522,0.208839,0.4045953966854691,0.15591426665056035,5.003946305945459,1362,1510
8,2011-01-08,1,0,1,0,6,0,2,0.165,0.162254,0.4290729048562691,0.23649719323972443,4.23410650459726,891,959
9,2011-01-09,1,0,1,0,0,0,1,0.138333,0.116175,0.36058419285843063,0.30891749633393556,4.007333185232471,768,822
10,2011-01-10,1,0,1,0,1,1,1,0.150833,0.150888,0.3940110939563726,0.20152514849498318,3.7376696182833684,1280,1321
11,2011-01-11,1,0,1,0,2,1,2,0.169091,0.191464,0.5225747318884735,0.11523044723945561,3.784189633918261,1220,1263
12,2011-01-12,1,0,1,0,3,1,1,0.172727,0.160473,0.4697192138034979,0.2659171761644729,3.258096538021482,1137,1162
13,2011-01-13,1,0,1,0,4,1,1,0.165,0.150883,0.3855460340323215,0.26313319953036823,3.6635616461296463,1368,1406
14,2011-01-14,1,0,1,0,5,1,1,0.16087,0.188413,0.4303697307431433,0.11915808983591668,4.007333185232471,1367,1421
15,2011-01-15,1,0,1,0,6,0,2,0.233333,0.248112,0.40463142735958696,0.14666242699957902,5.407171771460119,1026,1248
16,2011-01-16,1,0,1,0,0,0,1,0.231667,0.234217,0.39457266694174076,0.1726356326489185,5.529429087511423,953,1204
17,2011-01-17,1,0,1,1,1,0,2,0.175833,0.176771,0.43015772069853586,0.17732325272499944,4.770684624465665,883,1000
18,2011-01-18,1,0,1,0,2,1,2,0.216667,0.232333,0.6214723229040678,0.1369536549987368,2.302585092994046,674,683
19,2011-01-19,1,0,1,0,3,1,2,0.292174,0.298422,0.5548840394208513,0.18922848230579037,4.3694478524670215,1572,1650
20,2011-01-20,1,0,1,0,4,1,2,0.261667,0.25505,0.43069936260195857,0.17890238474829867,4.430816798843313,1844,1927
21,2011-01-21,1,0,1,0,5,1,1,0.1775,0.157833,0.37643649195979767,0.3025031949834062,4.330733340286331,1468,1543
22,2011-01-22,1,0,1,0,6,0,1,0.0591304,0.0790696,0.33647223662121295,0.15868609355758062,4.543294782270004,888,981
23,2011-01-23,1,0,1,0,0,0,1,0.0965217,0.0988391,0.3622249143216741,0.22041984539261317,5.017279836814924,836,986
24,2011-01-24,1,0,1,0,1,1,1,0.0973913,0.11793,0.3999425535031401,0.14697931264666345,4.465908118654584,1330,1416
25,2011-01-25,1,0,1,0,2,1,2,0.223478,0.234526,0.4805459877862203,0.12203708545312016,5.231108616854587,1799,1985
26,2011-01-26,1,0,1,0,3,1,3,0.2175,0.2036,0.6219196712715775,0.25762226973045216,3.5553480614894135,472,506
27,2011-01-27,1,0,1,0,4,1,1,0.195,0.2197,0.5232481437645479,0.10781081123021952,2.772588722239781,416,431
28,2011-01-28,1,0,1,0,5,1,2,0.203478,0.223317,0.5839141764882452,0.11627078166538653,3.6635616461296463,1129,1167
29,2011-01-29,1,0,1,0,6,0,1,0.196522,0.212126,0.5018286723022318,0.13572336350009362,4.820281565605037,975,1098
30,2011-01-30,1,0,1,0,0,0,1,0.216522,0.250322,0.5435874461969743,0.071373794838115,4.948759890378168,956,1096
31,2011-01-31,1,0,1,0,1,1,2,0.180833,0.18625,0.4723446369477091,0.17159085486380046,3.7612001156935624,1459,1501
32,2011-02-01,1,0,2,0,2,1,2,0.192174,0.23453,0.6040782336790048,0.05184549189843828,3.871201010907891,1313,1360
33,2011-02-02,1,0,2,0,3,1,2,0.26,0.254417,0.5740353249132121,0.23452493692781307,4.290459441148391,1454,1526
34,2011-02-03,1,0,2,0,4,1,1,0.186957,0.177878,0.36313225058677545,0.2451022839164454,4.127134385045092,1489,1550
35,2011-02-04,1,0,2,0,5,1,2,0.211304,0.228587,0.4607213064754784,0.12030341239244662,4.48863636973214,1620,1708
36,2011-02-05,1,0,2,0,6,0,2,0.233333,0.243058,0.6570883035304049,0.14934974518978783,4.61512051684126,905,1005
37,2011-02-06,1,0,2,0,0,0,1,0.285833,0.291671,0.45001327182935946,0.1326059645480218,5.872117789475416,1269,1623
38,2011-02-07,1,0,2,0,1,1,1,0.271667,0.303658,0.5529266080300536,0.04440752680983829,4.795790545596741,1592,1712
39,2011-02-08,1,0,2,0,2,1,1,0.220833,0.198246,0.43042890343736806,0.30891749633393556,4.174387269895637,1466,1530
40,2011-02-09,1,0,2,0,3,1,2,0.134783,0.144283,0.40198104580562394,0.17297720063436345,3.9889840465642745,1552,1605
41,2011-02-10,1,0,2,0,4,1,1,0.144348,0.149548,0.3628296647274688,0.20043566784532443,3.871201010907891,1491,1538
42,2011-02-11,1,0,2,0,5,1,1,0.189091,0.213509,0.4096988000401926,0.103052855056082,5.0106352940962555,1597,1746
43,2011-02-12,1,0,2,0,6,0,1,0.2225,0.232954,0.43448460637540776,0.1851234611246426,5.666426688112432,1184,1472
44,2011-02-13,1,0,2,0,0,0,1,0.316522,0.324113,0.37664785085416186,0.23181226917297215,5.986452005284438,1192,1589
45,2011-02-14,1,0,2,0,1,1,1,0.415,0.39835,0.31905936586659933,0.34918254589229525,5.342334251964811,1705,1913
46,2011-02-15,1,0,2,0,2,1,1,0.266087,0.254274,0.27334072518109676,0.25570676781876683,4.948759890378168,1675,1815
47,2011-02-16,1,0,2,0,3,1,1,0.318261,0.3162,0.3531031727517576,0.22457532583570994,5.389071729816501,1897,2115
48,2011-02-17,1,0,2,0,4,1,1,0.435833,0.428658,0.408792898200839,0.20709871865546423,5.560681631015528,2216,2475
49,2011-02-18,1,0,2,0,5,1,1,0.521667,0.511983,0.416515164074945,0.23501283188429933,6.363028103540465,2348,2927
50,2011-02-19,1,0,2,0,6,0,1,0.399167,0.391404,0.17220135317989274,0.41042810537106383,6.278521424165844,1103,1635
51,2011-02-20,1,0,2,0,0,0,1,0.285217,0.27733,0.34204667055381494,0.20149898869621596,6.461468176353717,1173,1812
52,2011-02-21,1,0,2,1,1,0,2,0.303333,0.284075,0.4731237565819792,0.2683815091004038,5.278114659230517,912,1107
53,2011-02-22,1,0,2,0,2,1,1,0.182222,0.186033,0.45601752811605617,0.17871757022921236,4.31748811353631,1376,1450
54,2011-02-23,1,0,2,0,3,1,1,0.221739,0.245717,0.3527975365007788,0.08994398934209168,4.941642422609304,1778,1917
55,2011-02-24,1,0,2,0,4,1,2,0.295652,0.289191,0.5290923663124473,0.22354027260990897,4.61512051684126,1707,1807
56,2011-02-25,1,0,2,0,5,1,2,0.364348,0.350461,0.5377639080690301,0.29753759683075925,4.795790545596741,1341,1461
57,2011-02-26,1,0,2,0,6,0,1,0.2825,0.282192,0.43042890343736806,0.17106763496849747,6.052089168924417,1545,1969
58,2011-02-27,1,0,2,0,0,0,1,0.343478,0.351109,0.5187937934151675,0.11800345580652165,6.543911845564792,1708,2402
59,2011-02-28,1,0,2,0,1,1,2,0.407273,0.400118,0.6293358616134223,0.2543987778916378,4.406719247264253,1365,1446
60,2011-03-01,1,0,3,0,2,1,1,0.266667,0.263879,0.4285303810391605,0.19591622905972586,4.927253685157205,1714,1851
61,2011-03-02,1,0,3,0,3,1,1,0.335,0.320071,0.3712759288647432,0.26837156904277437,5.44673737166631,1903,2134
62,2011-03-03,1,0,3,0,4,1,1,0.198333,0.200133,0.27636805970697487,0.20355616485205968,4.820281565605037,1562,1685
63,2011-03-04,1,0,3,0,5,1,2,0.261667,0.255679,0.47649315167123363,0.18510600993706805,5.3706380281276624,1730,1944
64,2011-03-05,1,0,3,0,6,0,2,0.384167,0.378779,0.5817501484091461,0.22463923222565177,6.46302945692067,1437,2077
65,2011-03-06,1,0,3,0,0,0,2,0.376522,0.366252,0.6669371798182414,0.2951195953805064,4.74493212836325,491,605
66,2011-03-07,1,0,3,0,1,1,1,0.261739,0.238461,0.43909586756738717,0.2936780605334888,5.501258210544727,1628,1872
67,2011-03-08,1,0,3,0,2,1,1,0.2925,0.3024,0.3512433193373924,0.11390887410778287,5.75890177387728,1817,2133
68,2011-03-09,1,0,3,0,3,1,2,0.295833,0.286608,0.5740353249132121,0.1989738020070048,5.2574953720277815,1700,1891
69,2011-03-10,1,0,3,0,4,1,3,0.389091,0.385668,0.0,0.23260029502675,3.8501476017100584,577,623
70,2011-03-11,1,0,3,0,5,1,2,0.316522,0.305,0.5005116167906776,0.20942589298596279,5.5134287461649825,1730,1977
71,2011-03-12,1,0,3,0,6,0,1,0.329167,0.32575,0.4666122600486191,0.19948590296353455,6.586171654854675,1408,2132
72,2011-03-13,1,0,3,0,0,0,1,0.384348,0.380091,0.42356105108867437,0.2394923779643394,6.890609120147166,1435,2417
73,2011-03-14,1,0,3,0,1,1,1,0.325217,0.332,0.4034343809100496,0.12832812909716243,5.886104031450156,1687,2046
74,2011-03-15,1,0,3,0,2,1,2,0.317391,0.318178,0.5041948889519926,0.16915948214225798,5.66988092298052,1767,2056
75,2011-03-16,1,0,3,0,3,1,2,0.365217,0.36693,0.5746575203031937,0.1849156891212556,5.7745515455444085,1871,2192
76,2011-03-17,1,0,3,0,4,1,1,0.415,0.410333,0.4718250943704866,0.19027236518131455,6.052089168924417,2320,2744
77,2011-03-18,1,0,3,0,5,1,1,0.54,0.527009,0.4221366950183573,0.20784065701760226,6.785587645007929,2355,3239
78,2011-03-19,1,0,3,0,6,0,1,0.4725,0.466525,0.3214796937268853,0.3134718877730792,7.261927092702751,1693,3117
79,2011-03-20,1,0,3,0,0,0,1,0.3325,0.32575,0.38781017286944364,0.18873511257229317,6.954638864880987,1424,2471
80,2011-03-21,2,0,3,0,1,1,2,0.430435,0.409735,0.5523845626760125,0.2536983622287648,5.996452088619021,1676,2077
81,2011-03-22,2,0,3,0,2,1,1,0.441667,0.440642,0.48525116746572367,0.2035529015492056,6.133398042996649,2243,2703
82,2011-03-23,2,0,3,0,3,1,2,0.346957,0.337939,0.6095291306274473,0.21047241041203688,5.318119993844216,1918,2121
83,2011-03-24,2,0,3,0,4,1,2,0.285,0.270833,0.5910219811732638,0.21816075779189897,5.117993812416755,1699,1865
84,2011-03-25,2,0,3,0,5,1,1,0.264167,0.256312,0.40212620684264977,0.20760342663247708,5.707110264748875,1910,2210
85,2011-03-26,2,0,3,0,6,0,1,0.265833,0.257571,0.3322971043021562,0.1902657512880049,6.889591308354466,1515,2496
86,2011-03-27,2,0,3,0,0,0,2,0.253043,0.250339,0.4013988520832956,0.16915188274531232,6.159095388491933,1221,1693
87,2011-03-28,2,0,3,0,1,1,1,0.264348,0.257574,0.2640351754102697,0.19244019031511725,5.407171771460119,1806,2028
88,2011-03-29,2,0,3,0,2,1,1,0.3025,0.292908,0.27320300483307813,0.20456890573976055,5.762051382780177,2108,2425
89,2011-03-30,2,0,3,0,3,1,2,0.3,0.29735,0.4987532449608507,0.15946908344174424,5.1298987149230735,1368,1536
90,2011-03-31,2,0,3,0,4,1,3,0.268333,0.257575,0.651456579743775,0.19691948664951184,5.19295685089021,1506,1685
91,2011-04-01,2,0,4,0,5,1,2,0.3,0.283454,0.5225071285398286,0.2300857980590078,5.730099782973574,1920,2227
92,2011-04-02,2,0,4,0,6,0,2,0.315,0.315637,0.5030454364470284,0.1799403907335616,6.80128303447162,1354,2252
93,2011-04-03,2,0,4,0,0,0,1,0.378333,0.378767,0.3920420877760237,0.16738810579497324,7.409741954080923,1598,3249
94,2011-04-04,2,0,4,0,1,1,1,0.573333,0.542929,0.35504862219414834,0.32611232904580645,6.5998704992128365,2381,3115
95,2011-04-05,2,0,4,0,2,1,2,0.414167,0.39835,0.49596555786478214,0.32791213181298245,5.123963979403259,1628,1795
96,2011-04-06,2,0,4,0,3,1,1,0.390833,0.387608,0.3858289069623846,0.23353972335948098,6.025865973825314,2395,2808
97,2011-04-07,2,0,4,0,4,1,1,0.4375,0.433696,0.4718250943704866,0.15041112497110803,6.349138991379798,2570,3141
98,2011-04-08,2,0,4,0,5,1,2,0.335833,0.324479,0.60772544850595,0.20456564574011915,5.153291594497779,1299,1471
99,2011-04-09,2,0,4,0,6,0,2,0.3425,0.341529,0.6299411046561527,0.12494223620296512,6.779921907472252,1576,2455
100,2011-04-10,2,0,4,0,0,0,2,0.426667,0.426737,0.6192314976097772,0.13694667888929557,7.080867896690782,1707,2895
101,2011-04-11,2,0,4,0,1,1,2,0.595652,0.565217,0.5405529554949636,0.2810153994882403,6.752270376141742,2493,3348
102,2011-04-12,2,0,4,0,2,1,2,0.5025,0.493054,0.5534062629637644,0.24285127214612914,5.552959584921617,1777,2034
103,2011-04-13,2,0,4,0,3,1,2,0.4125,0.417283,0.5983787040079169,0.22363702953380196,5.3471075307174685,1953,2162
104,2011-04-14,2,0,4,0,4,1,1,0.4675,0.462742,0.43205315899224045,0.10499044719093728,6.272877006546167,2738,3267
105,2011-04-15,2,0,4,1,5,0,1,0.446667,0.441913,0.5135718494340158,0.20406266350141783,6.466144724237619,2484,3126
106,2011-04-16,2,0,4,0,6,0,3,0.430833,0.425492,0.6356944292893377,0.2932724173149937,4.804021044733257,674,795
107,2011-04-17,2,0,4,0,0,0,1,0.456667,0.445696,0.3917602913183744,0.2650498857254145,7.351799869057777,2186,3744
108,2011-04-18,2,0,4,0,1,1,1,0.5125,0.503146,0.4334044767974058,0.15149028697549152,6.507277712385012,2760,3429
109,2011-04-19,2,0,4,0,2,1,2,0.505833,0.489258,0.5103252986242383,0.14666933565932497,6.016157159698354,2795,3204
110,2011-04-20,2,0,4,0,3,1,1,0.595,0.564392,0.4788190341357874,0.21666259521452058,6.419994928147142,3331,3944
111,2011-04-21,2,0,4,0,4,1,1,0.459167,0.453892,0.34151876715284885,0.2816071574644267,6.61472560020376,3444,4189
112,2011-04-22,2,0,4,0,5,1,2,0.336667,0.321954,0.5478803389923386,0.1984581586977742,5.181783550292085,1506,1683
113,2011-04-23,2,0,4,0,6,0,2,0.46,0.450121,0.6354741048925511,0.20760342663247708,7.288244401020124,2574,4036
114,2011-04-24,2,0,4,0,0,0,2,0.581667,0.551763,0.5937869604030085,0.17577936994785612,7.444833273892193,2481,4191
115,2011-04-25,2,0,4,0,1,1,1,0.606667,0.5745,0.5747391371268866,0.17002374776866078,6.651571873589727,3300,4073
116,2011-04-26,2,0,4,0,2,1,1,0.631667,0.594083,0.5476397896597728,0.2825438945956573,6.520621127558696,3722,4400
117,2011-04-27,2,0,4,0,3,1,2,0.62,0.575142,0.6072717036460311,0.27170511792864005,6.306275286948016,3325,3872
118,2011-04-28,2,0,4,0,4,1,2,0.6175,0.578929,0.5311181310513724,0.2783193789059851,6.345636360828596,3489,4058
119,2011-04-29,2,0,4,0,5,1,1,0.51,0.497463,0.37643649195979767,0.21516218477795435,6.778784897685177,3717,4595
120,2011-04-30,2,0,4,0,6,0,1,0.4725,0.464021,0.40768464311696273,0.2111316969809642,7.583756300707112,3347,5312
121,2011-05-01,2,0,5,0,0,0,2,0.451667,0.448204,0.5664966319664171,0.10106992422065197,7.037905963447182,2213,3351
122,2011-05-02,2,0,5,0,1,1,2,0.549167,0.532833,0.5481214085096876,0.16843728145142692,6.742880635791903,3554,4401
123,2011-05-03,2,0,5,0,2,1,2,0.616667,0.582079,0.5289108948969377,0.29465793445034016,6.403574197934815,3848,4451
124,2011-05-04,2,0,5,0,3,1,2,0.414167,0.40465,0.5522072696522012,0.2844237699447881,5.545177444479562,2378,2633
125,2011-05-05,2,0,5,0,4,1,1,0.459167,0.441917,0.36753268475310574,0.258813352048984,6.421622267806518,3819,4433
126,2011-05-06,2,0,5,0,5,1,1,0.479167,0.474117,0.4637340162321401,0.20558713539532944,6.796823718274855,3714,4608
127,2011-05-07,2,0,5,0,6,0,1,0.52,0.512621,0.43259377549641703,0.1488078609269666,7.385851078125209,3102,4714
128,2011-05-08,2,0,5,0,0,0,1,0.528333,0.518933,0.4896021916044351,0.07198339540945915,7.2456550675945355,2932,4333
129,2011-05-09,2,0,5,0,1,1,1,0.5325,0.525246,0.4629475435215268,0.16211884947643518,6.499787040655854,3698,4362
130,2011-05-10,2,0,5,0,2,1,1,0.5325,0.522721,0.39821690322214737,0.10945601762882817,6.543911845564792,4109,4803
131,2011-05-11,2,0,5,0,3,1,1,0.5425,0.5284,0.4903679859972812,0.11390173536816303,6.311734809152915,3632,4182
132,2011-05-12,2,0,5,0,4,1,1,0.535,0.523363,0.5581861951258283,0.17367343603040392,6.54534966033442,4169,4864
133,2011-05-13,2,0,5,0,5,1,2,0.5125,0.4943,0.6223668196080056,0.16528136046954708,6.541029999189903,3413,4105
134,2011-05-14,2,0,5,0,6,0,2,0.520833,0.500629,0.653626422397662,0.12658859709957399,6.805722553416985,2507,3409
135,2011-05-15,2,0,5,0,0,0,2,0.5625,0.536,0.6243773199185123,0.14234902776459538,7.367077059881012,2971,4553
136,2011-05-16,2,0,5,0,1,1,1,0.5775,0.550512,0.5810512550921983,0.11944476532965495,6.651571873589727,3185,3958
137,2011-05-17,2,0,5,0,2,1,2,0.561667,0.538529,0.6086328651336562,0.24479075085032687,6.520621127558696,3445,4123
138,2011-05-18,2,0,5,0,3,1,2,0.55,0.527158,0.6259384308664953,0.1835641178284827,6.285998094508865,3319,3855
139,2011-05-19,2,0,5,0,4,1,2,0.530833,0.510742,0.604088072034819,0.10274880811683215,6.601230118728877,3840,4575
140,2011-05-20,2,0,5,0,5,1,1,0.536667,0.529042,0.5420818195711177,0.1177945911451741,6.813444599510896,4008,4917
141,2011-05-21,2,0,5,0,6,0,1,0.6025,0.571975,0.48653313611495785,0.11390887410778287,7.7226775164680035,3547,5805
142,2011-05-22,2,0,5,0,0,0,1,0.604167,0.5745,0.5593774738265854,0.1380282665142088,7.3632795869630385,3084,4660
143,2011-05-23,2,0,5,0,1,1,2,0.631667,0.590296,0.5933268452777344,0.2101328783876236,6.729824070489475,3438,4274
144,2011-05-24,2,0,5,0,2,1,2,0.66,0.604813,0.5543637343012792,0.1882141612487535,6.492239835020471,3833,4492
145,2011-05-25,2,0,5,0,3,1,1,0.660833,0.615542,0.5284199321669418,0.1434360541180297,6.608000625296087,4238,4978
146,2011-05-26,2,0,5,0,4,1,1,0.708333,0.654688,0.5173045898636998,0.18202317895037956,6.63200177739563,3919,4677
147,2011-05-27,2,0,5,0,5,1,1,0.681667,0.637008,0.5030454364470284,0.21565881039453255,6.77078942390898,3808,4679
148,2011-05-28,2,0,5,0,6,0,1,0.655833,0.612379,0.5478803389923386,0.20708896333515633,7.601901959875166,2757,4758
149,2011-05-29,2,0,5,0,0,0,1,0.6675,0.61555,0.5981494519376656,0.19386962049294906,7.764720544771477,2433,4788
150,2011-05-30,2,0,5,1,1,0,1,0.733333,0.671092,0.521765563804325,0.12330111634028863,7.346010209913293,2549,4098
151,2011-05-31,2,0,5,0,2,1,1,0.775,0.725383,0.49266185680428654,0.10555659643273461,6.513230110912307,3309,3982
152,2011-06-01,2,0,6,0,3,1,2,0.764167,0.720967,0.517055974758843,0.1882141612487535,6.2422232654551655,3461,3974
153,2011-06-02,2,0,6,0,4,1,1,0.715,0.643942,0.26620304077465673,0.2564135169147227,6.602587892189336,4232,4968
154,2011-06-03,2,0,6,0,5,1,1,0.62,0.587133,0.30318650514156203,0.22563723948775233,6.80128303447162,4414,5312
155,2011-06-04,2,0,6,0,6,0,1,0.635,0.594696,0.3758646383318736,0.11613011477947491,7.533693709848633,3473,5342
156,2011-06-05,2,0,6,0,0,0,2,0.648333,0.616804,0.5022892927437044,0.12988023525428496,7.430114138561801,3221,4906
157,2011-06-06,2,0,6,0,1,1,1,0.678333,0.621858,0.4700036292457356,0.1150201111822673,6.513230110912307,3875,4548
158,2011-06-07,2,0,6,0,2,1,1,0.7075,0.65595,0.4687009060702522,0.1721095917175379,6.638567789166521,4070,4833
159,2011-06-08,2,0,6,0,3,1,1,0.775833,0.727279,0.48371112577735165,0.12823225194650512,6.517671272912275,3725,4401
160,2011-06-09,2,0,6,0,4,1,2,0.808333,0.757579,0.45001327182935946,0.13966019806894753,6.335054251498059,3352,3915
161,2011-06-10,2,0,6,0,5,1,1,0.755,0.703292,0.4731237565819792,0.13151410927597834,6.704414354964107,3771,4586
162,2011-06-11,2,0,6,0,6,0,1,0.725,0.678038,0.5035490133346049,0.1439704654100312,7.455876687491824,3237,4966
163,2011-06-12,2,0,6,0,0,0,1,0.6925,0.643325,0.5584247932684695,0.15149028697549152,7.291656209174461,2993,4460
164,2011-06-13,2,0,6,0,1,1,1,0.635,0.601654,0.40184723816862106,0.266471204049388,6.761572768804055,4157,5020
165,2011-06-14,2,0,6,0,2,1,1,0.604167,0.591546,0.41017599443826486,0.23845217411344935,6.590301048196686,4164,4891
166,2011-06-15,2,0,6,0,3,1,1,0.626667,0.587754,0.3863957718883542,0.15521753910189576,6.646390514847729,4411,5180
167,2011-06-16,2,0,6,0,4,1,2,0.628333,0.595346,0.5237416515991512,0.18769956932494325,6.302618975744905,3222,3767
168,2011-06-17,2,0,6,0,5,1,1,0.649167,0.600383,0.551487413454137,0.13368175631933563,6.761572768804055,3981,4844
169,2011-06-18,2,0,6,0,6,0,1,0.696667,0.643954,0.5130732958574603,0.11279997413530922,7.4999765409521215,3312,5119
170,2011-06-19,2,0,6,0,0,0,2,0.699167,0.645846,0.5108258237659707,0.09712671073072274,7.402451520818244,3105,4744
171,2011-06-20,2,0,6,0,1,1,2,0.635,0.595346,0.5574706315890345,0.14451151484268382,6.551080335043404,3311,4010
172,2011-06-21,3,0,6,0,2,1,2,0.680833,0.637646,0.5712151120583521,0.15787943366181248,6.652863029353347,4061,4835
173,2011-06-22,3,0,6,0,3,1,1,0.733333,0.693829,0.5350303124628081,0.158935215659412,6.495265555937008,3846,4507
174,2011-06-23,3,0,6,0,4,1,2,0.728333,0.693833,0.532586919852768,0.21414639804292143,6.616065185132817,4044,4790
175,2011-06-24,3,0,6,0,5,1,1,0.724167,0.656583,0.4531962990649251,0.20050931880527523,6.877296071497429,4022,4991
176,2011-06-25,3,0,6,0,6,0,1,0.695,0.643313,0.3942915827909128,0.1902657512880049,7.48605261786314,3420,5202
177,2011-06-26,3,0,6,0,0,0,1,0.68,0.637629,0.41431450312080553,0.09032806236948455,7.560601162768557,3385,5305
178,2011-06-27,3,0,6,0,1,1,2,0.6825,0.637004,0.5058128809374011,0.10218467801979263,6.75110146893676,3854,4708
179,2011-06-28,3,0,6,0,2,1,1,0.744167,0.692558,0.4911331943977963,0.13477823998718497,6.597145701886651,3916,4648
180,2011-06-29,3,0,6,0,3,1,1,0.728333,0.654688,0.40407547635037877,0.23255591570718862,6.744059186311348,4377,5225
181,2011-06-30,3,0,6,0,4,1,1,0.696667,0.637008,0.36058419285843063,0.1700060310713058,6.93537044601511,4488,5515
182,2011-07-01,3,0,7,0,5,1,1,0.7225,0.652162,0.3337900714012734,0.09767828272484996,7.1284959456800365,4116,5362
183,2011-07-02,3,0,7,0,6,0,1,0.738333,0.667308,0.3678206986019163,0.10891000874732609,7.6984827878809465,2915,5119
184,2011-07-03,3,0,7,0,0,0,2,0.716667,0.668575,0.5202807825367458,0.20608528281819447,7.733245646529795,2367,4649
185,2011-07-04,3,0,7,1,1,0,2,0.726667,0.665417,0.4934253125963597,0.07832973367864071,8.028129059431759,2978,6043
186,2011-07-05,3,0,7,0,2,1,1,0.746667,0.696338,0.463996245997853,0.11890063313382884,6.939253946041508,3634,4665
187,2011-07-06,3,0,7,0,3,1,1,0.72,0.685633,0.5557987982041147,0.13966019806894753,6.665683717782408,3845,4629
188,2011-07-07,3,0,7,0,4,1,1,0.75,0.686871,0.501532576854398,0.14773011202433559,6.626717749249025,3838,4592
189,2011-07-08,3,0,7,0,5,1,2,0.709167,0.670483,0.5641295854066767,0.2030461445748388,6.541029999189903,3348,4040
190,2011-07-09,3,0,7,0,6,0,1,0.733333,0.664158,0.4757166537989575,0.15521753910189576,7.5953872788539725,3348,5336
191,2011-07-10,3,0,7,0,0,0,1,0.7475,0.690025,0.45636922677666775,0.16845164608064017,7.463936604468925,3138,4881
192,2011-07-11,3,0,7,0,1,1,1,0.7625,0.729804,0.4921521547306084,0.24868419446889878,6.584791392385716,3363,4086
193,2011-07-12,3,0,7,0,2,1,1,0.794167,0.739275,0.4441517042873925,0.18253320106239299,6.4967749901858625,3596,4258
194,2011-07-13,3,0,7,0,3,1,1,0.746667,0.689404,0.4896021916044351,0.13639366740501144,6.618738983517219,3594,4342
195,2011-07-14,3,0,7,0,4,1,1,0.680833,0.635104,0.389505088529435,0.2156491382246698,6.790097235513905,4196,5084
196,2011-07-15,3,0,7,0,5,1,1,0.663333,0.624371,0.46451987088947927,0.167912408505536,7.1846291527173145,4220,5538
197,2011-07-16,3,0,7,0,6,0,1,0.686667,0.638263,0.46058440732924394,0.18924917202659988,7.791109510610028,3505,5923
198,2011-07-17,3,0,7,0,0,0,1,0.719167,0.669833,0.4726046187379791,0.21916203558948885,7.604396348796338,3296,5302
199,2011-07-18,3,0,7,0,1,1,1,0.746667,0.703925,0.501532576854398,0.19540558634187805,6.7357800142423265,3617,4458
200,2011-07-19,3,0,7,0,2,1,1,0.776667,0.747479,0.5010279832550589,0.12274846525905336,6.6240652277998935,3789,4541
201,2011-07-20,3,0,7,0,3,1,1,0.768333,0.74685,0.5347860659459872,0.10779285512033841,6.4692503167957724,3688,4332
202,2011-07-21,3,0,7,0,4,1,2,0.815,0.826371,0.5254679005028607,0.200506045544461,6.450470422144176,3152,3784
203,2011-07-22,3,0,7,0,5,1,1,0.848333,0.840896,0.4576887362676828,0.12495723940438382,6.333279628139691,2825,3387
204,2011-07-23,3,0,7,0,6,0,1,0.849167,0.804287,0.4054651081081644,0.12329758034429136,6.895682697747868,2298,3285
205,2011-07-24,3,0,7,0,0,0,1,0.83,0.794829,0.4387922059279307,0.15629495066305032,6.957497370876951,2556,3606
206,2011-07-25,3,0,7,0,1,1,1,0.743333,0.720958,0.5636550477021814,0.08691898105459016,6.343880434126331,3272,3840
207,2011-07-26,3,0,7,0,2,1,1,0.771667,0.696979,0.43232317927785674,0.18253653368476686,6.621405651764134,3840,4590
208,2011-07-27,3,0,7,0,3,1,1,0.775,0.690667,0.3385536404252469,0.1684448862808316,6.628041376179533,3901,4656
209,2011-07-28,3,0,7,0,4,1,1,0.779167,0.7399,0.4595321188521022,0.16422462397351037,6.408528791059498,3784,4390
210,2011-07-29,3,0,7,0,5,1,1,0.838333,0.785967,0.4334044767974058,0.16053426134619686,6.508769136971682,3176,3846
211,2011-07-30,3,0,7,0,6,0,1,0.804167,0.728537,0.38242368155950773,0.15575253902263664,7.352441100243583,2916,4475
212,2011-07-31,3,0,7,0,0,0,1,0.805833,0.729796,0.3926047672800537,0.15256055911228988,7.329749689041512,2778,4302
213,2011-08-01,3,0,8,0,1,1,1,0.771667,0.703292,0.4387922059279307,0.1455858201940151,6.593044534142437,3537,4266
214,2011-08-02,3,0,8,0,2,1,1,0.783333,0.707071,0.39961469442998887,0.1871847124599425,6.687108607866515,4044,4845
215,2011-08-03,3,0,8,0,3,1,2,0.731667,0.679937,0.5053104430778805,0.12714617544474638,6.148468295917647,3107,3574
216,2011-08-04,3,0,8,0,4,1,2,0.71,0.664788,0.5638923447026829,0.17994373200799052,6.684611727667927,3777,4576
217,2011-08-05,3,0,8,0,5,1,1,0.710833,0.656567,0.4890909272254823,0.16948620159066993,6.931471805599453,3843,4866
218,2011-08-06,3,0,8,0,6,0,2,0.716667,0.676154,0.5624688569178292,0.20559039206662055,7.3277805384216315,2773,4294
219,2011-08-07,3,0,8,0,0,0,1,0.7425,0.715292,0.5612812574137241,0.1835599563272794,7.1693500166706,2487,3785
220,2011-08-08,3,0,8,0,1,1,1,0.765,0.703283,0.46504322174156604,0.17577936994785612,6.741700694652055,3480,4326
221,2011-08-09,3,0,8,0,2,1,1,0.775,0.724121,0.4513411891889692,0.14073625019180822,6.811244378601294,3695,4602
222,2011-08-10,3,0,8,0,3,1,1,0.766667,0.684983,0.35358708139447476,0.18253653368476686,6.785587645007929,3896,4780
223,2011-08-11,3,0,8,0,4,1,1,0.7175,0.651521,0.35329423577925484,0.152545964388454,6.70073110954781,3980,4792
224,2011-08-12,3,0,8,0,5,1,1,0.708333,0.654042,0.3471295310952009,0.1183348833604258,6.9584483932976555,3854,4905
225,2011-08-13,3,0,8,0,6,0,2,0.685833,0.645858,0.5478803389923386,0.1918212910942373,7.316548177182976,2646,4150
226,2011-08-14,3,0,8,0,0,0,2,0.676667,0.624388,0.5974619304255374,0.20100672990534393,7.199678345691172,2482,3820
227,2011-08-15,3,0,8,0,1,1,1,0.665833,0.616167,0.5377107578527809,0.18975552293528128,6.654152520183219,3563,4338
228,2011-08-16,3,0,8,0,2,1,1,0.700833,0.645837,0.45636922677666775,0.21214650484533423,6.582025138892826,4004,4725
229,2011-08-17,3,0,8,0,3,1,1,0.723333,0.666671,0.4545199991391104,0.13423976666837617,6.505784060128229,4026,4694
230,2011-08-18,3,0,8,0,4,1,1,0.711667,0.662258,0.5035490133346049,0.20961890419662063,6.461468176353717,3166,3805
231,2011-08-19,3,0,8,0,5,1,2,0.685,0.633221,0.5440187845921108,0.13042106055280522,6.682108597449809,3356,4153
232,2011-08-20,3,0,8,0,6,0,1,0.6975,0.648996,0.5153157281428548,0.09936286565893743,7.557472901614746,3277,5191
233,2011-08-21,3,0,8,0,0,0,1,0.710833,0.675525,0.5709795465857378,0.22214625417869918,7.1308988302963465,2624,3873
234,2011-08-22,3,0,8,0,1,1,1,0.691667,0.638254,0.3852624007906449,0.24431778654561623,6.726233402358747,3925,4758
235,2011-08-23,3,0,8,0,2,1,1,0.640833,0.606067,0.3752924575002563,0.1369431908163251,7.156176637480615,4614,5895
236,2011-08-24,3,0,8,0,3,1,1,0.673333,0.630692,0.4731237565819792,0.22562686533598877,6.856461984594587,4181,5130
237,2011-08-25,3,0,8,0,4,1,2,0.684167,0.645854,0.5719209112725384,0.19130855250165504,6.077642243349034,3107,3542
238,2011-08-26,3,0,8,0,5,1,1,0.7,0.659733,0.566023784230753,0.08062330832312398,6.645090969505644,3893,4661
239,2011-08-27,3,0,8,0,6,0,2,0.68,0.635556,0.6151856390902334,0.3189023577432871,5.424950017481403,889,1115
240,2011-08-28,3,0,8,0,0,0,1,0.707059,0.647959,0.4458165919556311,0.26594170394717026,7.255591274253665,2919,4334
241,2011-08-29,3,0,8,0,1,1,1,0.636667,0.607958,0.4412073424653713,0.1482691316684812,6.593044534142437,3905,4634
242,2011-08-30,3,0,8,0,2,1,1,0.639167,0.594704,0.437178868312416,0.11779014674221074,6.654152520183219,4429,5204
243,2011-08-31,3,0,8,0,3,1,1,0.656667,0.611121,0.4687009060702522,0.08004267690430518,6.535241271013659,4370,5058
244,2011-09-01,3,0,9,0,4,1,1,0.655,0.614921,0.4941881859683102,0.13260246130138795,6.664409020350408,4332,5115
245,2011-09-02,3,0,9,0,5,1,2,0.643333,0.604808,0.546433858229721,0.13096597976512628,6.775366090936392,3852,4727
246,2011-09-03,3,0,9,0,6,0,1,0.669167,0.633213,0.5403846201822735,0.17001699858763167,7.568379267836522,2549,4484
247,2011-09-04,3,0,9,0,0,0,1,0.709167,0.665429,0.5550815236787254,0.1876962538647035,7.8328075165248645,2419,4940
248,2011-09-05,3,0,9,1,1,0,2,0.673333,0.625646,0.5824485536153429,0.1928459802501672,7.1204443723924875,2115,3351
249,2011-09-06,3,0,9,0,2,1,3,0.54,0.5152,0.6349654786333986,0.29560783048731226,5.3230099791384085,2506,2710
250,2011-09-07,3,0,9,0,3,1,3,0.599167,0.544229,0.650804759944172,0.09259814191552725,4.77912349311153,1878,1996
251,2011-09-08,3,0,9,0,4,1,3,0.633913,0.555361,0.6624637211285247,0.1762598886153564,5.0369526024136295,1689,1842
252,2011-09-09,3,0,9,0,5,1,2,0.65,0.578946,0.6407569689891808,0.1172308832482947,6.035481432524756,3127,3544
253,2011-09-10,3,0,9,0,6,0,1,0.66,0.607962,0.5617563524345336,0.14289442233726193,7.467942332285852,3595,5345
254,2011-09-11,3,0,9,0,0,0,1,0.653333,0.609229,0.538683951894387,0.10890283423263715,7.3987862754199485,3413,5046
255,2011-09-12,3,0,9,0,1,1,1,0.644348,0.60213,0.5260140927761147,0.08517995095230027,6.53813982376767,4023,4713
256,2011-09-13,3,0,9,0,2,1,1,0.650833,0.603554,0.5379542911542433,0.1326094677823829,6.553933404025811,4062,4763
257,2011-09-14,3,0,9,0,3,1,1,0.673333,0.6269,0.5289108948969377,0.15469338967648052,6.473890696352274,4138,4785
258,2011-09-15,3,0,9,0,4,1,2,0.5775,0.553671,0.5360061173230861,0.23991885579120284,6.061456918928017,3231,3659
259,2011-09-16,3,0,9,0,5,1,2,0.469167,0.461475,0.463996245997853,0.15201955344687348,6.610696044717759,4018,4760
260,2011-09-17,3,0,9,0,6,0,2,0.491667,0.478512,0.5413546348143738,0.17368016057861937,7.268920128193722,3077,4511
261,2011-09-18,3,0,9,0,0,0,1,0.5075,0.490537,0.5276827408324136,0.16422801817333202,7.21081845347222,2921,4274
262,2011-09-19,3,0,9,0,1,1,2,0.549167,0.529675,0.5247285289349821,0.1412755788579536,6.539585955617669,3848,4539
263,2011-09-20,3,0,9,0,2,1,2,0.561667,0.532217,0.6319364495150488,0.12659212147769747,6.0844994130751715,3203,3641
264,2011-09-21,3,0,9,0,3,1,2,0.595,0.550533,0.6418538861723948,0.09203591615787228,6.29156913955832,3813,4352
265,2011-09-22,3,0,9,0,4,1,2,0.628333,0.554963,0.6429496014465762,0.12055696253910868,6.320768294250582,4240,4795
266,2011-09-23,4,0,9,0,5,1,2,0.609167,0.522125,0.6793017737378922,0.07544758161901823,5.556828061699537,2137,2395
267,2011-09-24,4,0,9,0,6,0,2,0.606667,0.564412,0.6219196712715775,0.07546297515095315,7.482681828154651,3647,5423
268,2011-09-25,4,0,9,0,0,0,2,0.634167,0.572637,0.6124792774924905,0.049151241830189554,7.3427791893318455,3466,5010
269,2011-09-26,4,0,9,0,1,1,2,0.649167,0.589042,0.6142841517915534,0.10499044719093728,6.529418838262226,3946,4630
270,2011-09-27,4,0,9,0,2,1,2,0.636667,0.574525,0.634149016593554,0.11169431473645215,6.169610732491456,3643,4120
271,2011-09-28,4,0,9,0,3,1,2,0.635,0.575158,0.6145097350428725,0.1385690572574865,6.175867270105761,3427,3907
272,2011-09-29,4,0,9,0,4,1,1,0.616667,0.574512,0.5301381309729396,0.15946482045102606,6.483107351457199,4186,4839
273,2011-09-30,4,0,9,0,5,1,1,0.564167,0.544829,0.49925898739452523,0.18770288477419075,6.7226297948554485,4372,5202
274,2011-10-01,4,0,10,0,6,0,2,0.41,0.412863,0.5617563524345336,0.25642048128769895,6.175867270105761,1949,2429
275,2011-10-02,4,0,10,0,0,0,2,0.356667,0.345317,0.5831464713921112,0.2004994989906896,6.424869023905388,2302,2918
276,2011-10-03,4,0,10,0,1,1,2,0.384167,0.392046,0.5657869925356405,0.08005421529963114,5.802118375377063,3240,3570
277,2011-10-04,4,0,10,0,2,1,1,0.484167,0.472858,0.5364933705145685,0.1871880296166085,6.18826412308259,3970,4456
278,2011-10-05,4,0,10,0,3,1,1,0.538333,0.527138,0.4995120661412973,0.16318121014152692,6.327936783729195,4267,4826
279,2011-10-06,4,0,10,0,4,1,1,0.494167,0.480425,0.4829402146209068,0.12659212147769747,6.461468176353717,4126,4765
280,2011-10-07,4,0,10,0,5,1,1,0.510833,0.504404,0.5212710795493306,0.02214468645481629,6.856461984594587,4036,4985
281,2011-10-08,4,0,10,0,6,0,1,0.521667,0.513242,0.5313632749835389,0.04440360488953218,7.71244383427499,3174,5409
282,2011-10-09,4,0,10,0,0,0,1,0.540833,0.523983,0.546675276659688,0.061518339978416985,7.7823903355874595,3114,5511
283,2011-10-10,4,0,10,1,1,0,1,0.570833,0.542925,0.5502866926469042,0.041433839305054516,7.323170717943469,3603,5117
284,2011-10-11,4,0,10,0,2,1,2,0.566667,0.546096,0.5926359989635566,0.13369312954440182,6.504288173536645,3896,4563
285,2011-10-12,4,0,10,0,3,1,3,0.543333,0.517717,0.6451379613735847,0.22166245503241155,5.384495062789089,2199,2416
286,2011-10-13,4,0,10,0,4,1,2,0.589167,0.551804,0.6400981352170388,0.13259457895158935,5.673323267171493,2623,2913
287,2011-10-14,4,0,10,0,5,1,2,0.550833,0.529675,0.5401416781000438,0.20202859128599368,6.272877006546167,3115,3644
288,2011-10-15,4,0,10,0,6,0,1,0.506667,0.498725,0.3942915827909128,0.22958913384426158,7.549609165154532,3318,5217
289,2011-10-16,4,0,10,0,0,0,1,0.511667,0.503154,0.39653670157908455,0.24820058529991584,7.466799475018602,3293,5041
290,2011-10-17,4,0,10,0,1,1,1,0.534167,0.510725,0.45716088815416106,0.16159064877851448,6.570882962339584,3857,4570
291,2011-10-18,4,0,10,0,2,1,2,0.5325,0.522721,0.5316083588348859,0.10443839063119653,6.45833828334479,4111,4748
292,2011-10-19,4,0,10,0,3,1,3,0.541739,0.513848,0.6393333438517564,0.21780050261797915,5.541263545158426,2170,2424
293,2011-10-20,4,0,10,0,4,1,1,0.475833,0.466525,0.4924070382419726,0.3522577022758163,6.156978985585555,3724,4195
294,2011-10-21,4,0,10,0,5,1,1,0.4275,0.423596,0.45372624347764534,0.19999446687112699,6.517671272912275,3628,4304
295,2011-10-22,4,0,10,0,6,0,1,0.4225,0.425492,0.4880688412469341,0.08862122215993413,7.313220387090301,2809,4308
296,2011-10-23,4,0,10,0,0,0,1,0.421667,0.422333,0.5546032461118784,0.09486689975205628,7.3901814282264295,2762,4381
297,2011-10-24,4,0,10,0,1,1,1,0.463333,0.457067,0.572155690815063,0.11224953180168994,6.551080335043404,3488,4187
298,2011-10-25,4,0,10,0,2,1,1,0.471667,0.463375,0.4842251473603182,0.15414325122823777,6.54534966033442,3992,4687
299,2011-10-26,4,0,10,0,3,1,2,0.484167,0.472846,0.5425667033015482,0.1385803750341007,6.003887067106539,3490,3894
300,2011-10-27,4,0,10,0,4,1,2,0.47,0.457046,0.5949371502504042,0.18045565040618447,5.484796933490655,2419,2659
301,2011-10-28,4,0,10,0,5,1,2,0.330833,0.318812,0.4611098213256059,0.20659050241437596,6.124683390894205,3291,3747
302,2011-10-29,4,0,10,0,6,0,3,0.254167,0.227913,0.6326006806919117,0.3011196326782168,4.060443010546419,570,627
303,2011-10-30,4,0,10,0,0,0,1,0.319167,0.321329,0.48473828900267224,0.16264337175451607,6.786716950605081,2446,3331
304,2011-10-31,4,0,10,0,1,1,1,0.34,0.356063,0.532586919852768,0.10106630873480299,5.8944028342648505,3307,3669
305,2011-11-01,4,0,11,0,2,1,1,0.400833,0.397088,0.5210234487424367,0.12713560812962804,6.018593214496234,3658,4068
306,2011-11-02,4,0,11,0,3,1,1,0.3775,0.390133,0.5415972824327444,0.07889592729527949,5.916202062607435,3816,4186
307,2011-11-03,4,0,11,0,4,1,1,0.408333,0.405921,0.5318527951196138,0.12823225194650512,5.765191102784844,3656,3974
308,2011-11-04,4,0,11,0,5,1,2,0.403333,0.403392,0.48396816959610806,0.24041670768465184,6.154858094016418,3576,4046
309,2011-11-05,4,0,11,0,6,0,1,0.326667,0.323854,0.41816215832108816,0.17316476100853692,7.053585727193677,2770,3926
310,2011-11-06,4,0,11,0,0,0,1,0.348333,0.362358,0.5507670386898111,0.08806050979063569,6.859614903654202,2697,3649
311,2011-11-07,4,0,11,0,1,1,1,0.395,0.400871,0.5646033294464617,0.055647550838814834,5.924255797414532,3662,4035
312,2011-11-08,4,0,11,0,2,1,1,0.408333,0.412246,0.5432930075143155,0.0667587109412005,5.932245187448011,3829,4205
313,2011-11-09,4,0,11,0,3,1,1,0.4,0.409079,0.5643662011205429,0.06033827494072815,5.723585101952381,3804,4109
314,2011-11-10,4,0,11,0,4,1,2,0.38,0.373721,0.5951665883761952,0.17316896599489384,5.25227342804663,2743,2933
315,2011-11-11,4,0,11,1,5,0,1,0.324167,0.306817,0.3689739995257493,0.27358948679458306,6.089044875446846,2928,3368
316,2011-11-12,4,0,11,0,6,0,1,0.356667,0.357942,0.4401350977930508,0.19232304145425597,7.151485463904735,2792,4067
317,2011-11-13,4,0,11,0,0,0,1,0.440833,0.43055,0.3772940025700134,0.24820370610876707,6.912742820493176,2713,3717
318,2011-11-14,4,0,11,0,1,1,1,0.53,0.524612,0.461897740113666,0.26742528203914423,6.39024066706535,3891,4486
319,2011-11-15,4,0,11,0,2,1,2,0.53,0.507579,0.5239886102922715,0.18201567668406995,6.1092475827643655,3746,4195
320,2011-11-16,4,0,11,0,3,1,3,0.456667,0.451988,0.6575200029167941,0.12824280767945573,4.983606621708336,1672,1817
321,2011-11-17,4,0,11,0,4,1,2,0.341667,0.323221,0.45478402135405155,0.26648039694389347,4.941642422609304,2914,3053
322,2011-11-18,4,0,11,0,5,1,1,0.274167,0.272721,0.3435897043900769,0.1557491159330415,5.5053315359323625,3147,3392
323,2011-11-19,4,0,11,0,6,0,1,0.329167,0.324483,0.40685281146897945,0.20252933076530522,6.8501261661455,2720,3663
324,2011-11-20,4,0,11,0,0,0,2,0.463333,0.457058,0.5215180554318477,0.17054414117081826,6.669498089857879,2733,3520
325,2011-11-21,4,0,11,0,1,1,3,0.4475,0.445062,0.6471032420585384,0.12931978624794013,5.3981627015177525,2545,2765
326,2011-11-22,4,0,11,0,2,1,3,0.416667,0.421696,0.6742191706744265,0.11224953180168994,4.248495242049359,1538,1607
327,2011-11-23,4,0,11,0,3,1,2,0.440833,0.430537,0.5641295854066767,0.2895490785108214,4.727387818712341,2454,2566
328,2011-11-24,4,0,11,1,4,0,1,0.373333,0.372471,0.4377173671147751,0.1546968163818233,6.329720905522696,935,1495
329,2011-11-25,4,0,11,0,5,1,1,0.375,0.380671,0.4969802169439377,0.09430585745961545,6.999422467507961,1697,2792
330,2011-11-26,4,0,11,0,6,0,1,0.375833,0.385087,0.5197855633534985,0.06618167042807127,7.1308988302963465,1819,3068
331,2011-11-27,4,0,11,0,0,0,1,0.459167,0.4558,0.5296471817357055,0.18975552293528128,6.698268054115413,2261,3071
332,2011-11-28,4,0,11,0,1,1,1,0.503478,0.490122,0.5556324363425892,0.13288793565047924,5.537334267018537,3614,3867
333,2011-11-29,4,0,11,0,2,1,2,0.458333,0.451375,0.6047710545420477,0.22959628755972258,4.574710978503383,2818,2914
334,2011-11-30,4,0,11,0,3,1,1,0.325,0.311221,0.47830222544883905,0.2399282960469709,5.241747015059643,3425,3613
335,2011-12-01,4,0,12,0,4,1,1,0.3125,0.305554,0.42172093004417355,0.198980358556424,5.209486152841421,3545,3727
336,2011-12-02,4,0,12,0,5,1,1,0.314167,0.331433,0.4860202998239334,0.09599539953311044,5.594711379601839,3672,3940
337,2011-12-03,4,0,12,0,6,0,1,0.299167,0.310604,0.47804434090653425,0.0914694499987476,6.561030665896573,2908,3614
338,2011-12-04,4,0,12,0,0,0,1,0.330833,0.3491,0.5742696086172052,0.08061943364283122,6.453624998892692,2851,3485
339,2011-12-05,4,0,12,0,1,1,2,0.385833,0.393925,0.602720706030093,0.060350042946636394,5.455321115357702,3578,3811
340,2011-12-06,4,0,12,0,2,1,3,0.4625,0.4564,0.6676155035534602,0.20911196746647226,4.844187086458591,2468,2594
341,2011-12-07,4,0,12,0,3,1,3,0.41,0.400246,0.678245195476782,0.2360005448167181,3.9318256327243257,655,705
342,2011-12-08,4,0,12,0,4,1,1,0.265833,0.256938,0.4574248470388754,0.2151581527166154,5.017279836814924,3172,3322
343,2011-12-09,4,0,12,0,5,1,1,0.290833,0.317542,0.5281740655403879,0.07947334561771874,5.568344503761097,3359,3620
344,2011-12-10,4,0,12,0,6,0,1,0.275,0.266412,0.4104526496192034,0.20962944575285444,6.220590170099739,2688,3190
345,2011-12-11,4,0,12,0,0,0,1,0.220833,0.253154,0.3987761199573678,0.06442135802424165,5.934894195619588,2366,2743
346,2011-12-12,4,0,12,0,1,1,1,0.238333,0.270196,0.5133223044633111,0.061518339978416985,4.969813299576001,3167,3310
347,2011-12-13,4,0,12,0,2,1,1,0.2825,0.301138,0.4637340162321401,0.13151060220221056,5.049856007249537,3368,3523
348,2011-12-14,4,0,12,0,3,1,2,0.3175,0.338362,0.5090740907271843,0.059172556314711744,5.187385805840755,3562,3740
349,2011-12-15,4,0,12,0,4,1,2,0.4225,0.412237,0.4911331943977963,0.23747397849486995,5.204006687076795,3528,3709
350,2011-12-16,4,0,12,0,5,1,2,0.375,0.359825,0.40574306947332456,0.23156796607410488,5.187385805840755,3399,3577
351,2011-12-17,4,0,12,0,6,0,2,0.258333,0.249371,0.4452196531068422,0.21766215587739265,5.62040086571715,2464,2739
352,2011-12-18,4,0,12,0,0,0,1,0.238333,0.245579,0.4613727400464604,0.15681484207902294,5.3981627015177525,2211,2431
353,2011-12-19,4,0,12,0,1,1,1,0.276667,0.280933,0.4931706885272699,0.15947590418909358,5.564520407322694,3143,3403
354,2011-12-20,4,0,12,0,2,1,2,0.385833,0.396454,0.46713514407307166,0.059749698005727055,5.37989735354046,3534,3750
355,2011-12-21,1,0,12,0,3,1,2,0.428333,0.428017,0.6196798493058594,0.19999774180689733,4.68213122712422,2553,2660
356,2011-12-22,1,0,12,0,4,1,2,0.423333,0.426121,0.5638923447026829,0.04619155260590878,5.429345628954441,2841,3068
357,2011-12-23,1,0,12,0,5,1,1,0.373333,0.377513,0.5225071285398286,0.24235463113165484,5.099866427824199,2046,2209
358,2011-12-24,1,0,12,0,6,0,1,0.3025,0.299242,0.4334044767974058,0.17420873668340417,5.049856007249537,856,1011
359,2011-12-25,1,0,12,0,0,0,1,0.274783,0.279961,0.5195696828113173,0.14417912874894284,5.717027701406222,451,754
360,2011-12-26,1,0,12,1,1,0,1,0.321739,0.315535,0.4100923857269847,0.21467983490201484,6.066108090103747,887,1317
361,2011-12-27,1,0,12,0,2,1,2,0.325,0.327633,0.5667332557042867,0.17264993709722357,4.6443908991413725,1059,1162
362,2011-12-28,1,0,12,0,3,1,1,0.29913,0.279974,0.40807037810983765,0.257708056520962,5.545177444479562,2047,2302
363,2011-12-29,1,0,12,0,4,1,1,0.248333,0.263892,0.45372624347764534,0.1128035474462498,5.541263545158426,2169,2423
364,2011-12-30,1,0,12,0,5,1,1,0.311667,0.318812,0.49266185680428654,0.12604833928739764,6.198478716492308,2508,2999
365,2011-12-31,1,0,12,0,6,0,1,0.41,0.414121,0.4798506131746358,0.1989770802870879,6.501289670540389,1820,2485
366,2012-01-01,1,1,1,0,0,0,1,0.37,0.375621,0.5262067258042931,0.17577265950111648,6.532334292222349,1608,2294
367,2012-01-02,1,1,1,1,1,0,1,0.273043,0.252304,0.32302798054235987,0.2849270308073951,5.501258210544727,1707,1951
368,2012-01-03,1,1,1,0,2,1,1,0.15,0.126275,0.36551079260113173,0.311645882945044,4.499809670330265,2147,2236
369,2012-01-04,1,1,1,0,3,1,2,0.1075,0.119337,0.34683478801608375,0.16948957797857636,4.564348191467836,2273,2368
370,2012-01-05,1,1,1,0,4,1,1,0.265833,0.278412,0.4214480313134926,0.12220612823329403,4.948759890378168,3132,3272
371,2012-01-06,1,1,1,0,5,1,1,0.334167,0.340267,0.4331340998923004,0.1552141141804549,5.730099782973574,3791,4098
372,2012-01-07,1,1,1,0,6,0,1,0.393333,0.390779,0.4263566847673734,0.16106216893716624,6.976348070447749,3451,4521
373,2012-01-08,1,1,1,0,0,0,1,0.3375,0.340258,0.38185524246903063,0.1752482666206749,6.396929655216146,2826,3425
374,2012-01-09,1,1,1,0,1,1,2,0.224167,0.247479,0.5316083588348859,0.09430967947074133,4.672828834461906,2270,2376
375,2012-01-10,1,1,1,0,2,1,1,0.308696,0.318826,0.4986651844212986,0.17189404544161244,5.159055299214529,3425,3598
376,2012-01-11,1,1,1,0,3,1,2,0.274167,0.282821,0.6138333738402197,0.12329758034429136,4.532599493153256,2085,2177
377,2012-01-12,1,1,1,0,4,1,2,0.3825,0.381938,0.5894059087744328,0.16633359440315196,5.598421958998375,3828,4097
378,2012-01-13,1,1,1,0,5,1,1,0.274167,0.249362,0.4104526496192034,0.3207115439760826,5.1647859739235145,3040,3214
379,2012-01-14,1,1,1,0,6,0,1,0.18,0.183087,0.3767226392425104,0.17158327392144718,5.811140992976701,2160,2493
380,2012-01-15,1,1,1,0,0,0,1,0.166667,0.161625,0.3500700797661932,0.22414944523324787,5.652489180268651,2027,2311
381,2012-01-16,1,1,1,1,1,0,1,0.19,0.190663,0.420353720601915,0.20811762539340198,5.384495062789089,2081,2298
382,2012-01-17,1,1,1,0,2,1,2,0.373043,0.364278,0.5400466990813038,0.2994599402623151,4.852030263919617,2808,2935
383,2012-01-18,1,1,1,0,3,1,1,0.303333,0.275254,0.3669550223993799,0.3474326653573817,4.700480365792417,3267,3376
384,2012-01-19,1,1,1,0,4,1,1,0.19,0.190038,0.4037970510074673,0.198980358556424,4.875197323201151,3162,3292
385,2012-01-20,1,1,1,0,5,1,2,0.2175,0.220958,0.37156355643248307,0.18461060159742604,4.7535901911063645,3048,3163
386,2012-01-21,1,1,1,0,6,0,2,0.173333,0.174875,0.6049987937832404,0.2010140910405946,4.219507705176107,1234,1301
387,2012-01-22,1,1,1,0,0,0,2,0.1625,0.16225,0.5857011584110976,0.18201984461674617,5.2832037287379885,1781,1977
388,2012-01-23,1,1,1,0,1,1,2,0.218333,0.243058,0.6477574782611351,0.10499764982998426,4.983606621708336,2287,2432
389,2012-01-24,1,1,1,0,2,1,1,0.3425,0.349108,0.6074983294556494,0.11668643460917817,6.0867747269123065,3900,4339
390,2012-01-25,1,1,1,0,3,1,1,0.294167,0.294821,0.4969802169439377,0.1493428550233472,6.148468295917647,3803,4270
391,2012-01-26,1,1,1,0,4,1,2,0.341667,0.35605,0.5707439256089566,0.07082726795248923,5.501258210544727,3831,4075
392,2012-01-27,1,1,1,0,5,1,2,0.425,0.415383,0.5546032461118784,0.29465793445034016,5.598421958998375,3187,3456
393,2012-01-28,1,1,1,0,6,0,1,0.315833,0.326379,0.4339443634472883,0.19130524898530968,6.654152520183219,3248,4023
394,2012-01-29,1,1,1,0,0,0,1,0.2825,0.272721,0.2709808807283699,0.21515170138465728,6.326149473155099,2685,3243
395,2012-01-30,1,1,1,0,1,1,1,0.269167,0.262625,0.33706705967889655,0.19539571628122646,4.844187086458591,3498,3624
396,2012-01-31,1,1,1,0,2,1,1,0.39,0.381317,0.34830692956230574,0.2325527456804257,5.783825182329737,4185,4509
397,2012-02-01,1,1,2,0,3,1,1,0.469167,0.466538,0.41072922828322117,0.17316896599489384,5.720311776607412,4275,4579
398,2012-02-02,1,1,2,0,4,1,2,0.399167,0.398971,0.5145688092976072,0.1715866432362549,5.25227342804663,3571,3761
399,2012-02-03,1,1,2,0,5,1,1,0.313333,0.309346,0.42308692779857143,0.1642390492431889,5.739792912179234,3841,4151
400,2012-02-04,1,1,2,0,6,0,2,0.264167,0.272725,0.5763790671956485,0.1150201111822673,5.953243334287785,2448,2832
401,2012-02-05,1,1,2,0,0,0,2,0.265833,0.264521,0.5234952243487372,0.16211544811010634,5.765191102784844,2629,2947
402,2012-02-06,1,1,2,0,1,1,1,0.282609,0.296426,0.483767224908847,0.14306084284065199,5.332718793265369,3578,3784
403,2012-02-07,1,1,2,0,2,1,1,0.354167,0.361104,0.40296197789004584,0.1374802107695835,5.298317366548036,4176,4375
404,2012-02-08,1,1,2,0,3,1,2,0.256667,0.266421,0.5440187845921108,0.12550514328875342,4.700480365792417,2693,2802
405,2012-02-09,1,1,2,0,4,1,1,0.265,0.261988,0.4460201870096149,0.17734000276499054,5.099866427824199,3667,3830
406,2012-02-10,1,1,2,0,5,1,2,0.280833,0.293558,0.43178241642553783,0.11058295495135531,5.429345628954441,3604,3831
407,2012-02-11,1,1,2,0,6,0,3,0.224167,0.210867,0.5488436909535116,0.2544840663333224,5.262690188904886,1977,2169
408,2012-02-12,1,1,2,0,0,0,1,0.1275,0.101658,0.3815705603126854,0.34303068291845923,4.30406509320417,1456,1529
409,2012-02-13,1,1,2,0,1,1,1,0.2225,0.227913,0.3444758364817347,0.15467882604777225,4.553876891600541,3328,3422
410,2012-02-14,1,1,2,0,2,1,2,0.319167,0.333946,0.41128149342960424,0.1320619385054553,4.912654885736052,3787,3922
411,2012-02-15,1,1,2,0,3,1,1,0.348333,0.351629,0.4260843953109001,0.166869452235033,4.955827057601261,4028,4169
412,2012-02-16,1,1,2,0,4,1,2,0.316667,0.330162,0.5612812574137241,0.0874841818664531,4.31748811353631,2931,3005
413,2012-02-17,1,1,2,0,5,1,1,0.343333,0.351629,0.4913877259479276,0.18718139529227293,5.857933154483459,3805,4154
414,2012-02-18,1,1,2,0,6,0,1,0.346667,0.355425,0.4282586828947772,0.17473367482625043,7.269616749608169,2883,4318
415,2012-02-19,1,1,2,0,0,0,2,0.28,0.265788,0.4159651228409619,0.22563005739414807,6.428105272684596,2071,2689
416,2012-02-20,1,1,2,1,1,0,1,0.28,0.273391,0.41066887831306287,0.20626836288450076,6.220590170099739,2627,3129
417,2012-02-21,1,1,2,0,2,1,1,0.287826,0.295113,0.46646487523507163,0.18707441073485265,5.099866427824199,3614,3777
418,2012-02-22,1,1,2,0,3,1,1,0.395833,0.392667,0.44974798685371037,0.2106425382351514,5.978885764901122,4379,4773
419,2012-02-23,1,1,2,0,4,1,1,0.454167,0.444446,0.4412073424653713,0.17472023984609622,6.248042874508429,4546,5062
420,2012-02-24,1,1,2,0,5,1,2,0.4075,0.410971,0.5524472984568102,0.21314735540925628,5.5093883366279774,3241,3487
421,2012-02-25,1,1,2,0,6,0,1,0.290833,0.255675,0.3334913696770765,0.3518125415974608,5.762051382780177,2415,2732
422,2012-02-26,1,1,2,0,0,0,1,0.279167,0.268308,0.3435897043900769,0.18666959038079708,6.246106765481563,2874,3389
423,2012-02-27,1,1,2,0,1,1,1,0.366667,0.357954,0.3993350241440055,0.23746688091297669,5.537334267018537,4069,4322
424,2012-02-28,1,1,2,0,2,1,1,0.359167,0.353525,0.3334913696770765,0.17682062101863025,5.438079308923196,4134,4363
425,2012-02-29,1,1,2,0,3,1,2,0.344348,0.34847,0.5904403629509994,0.1647658532728255,4.189654742026425,1769,1834
426,2012-03-01,1,1,3,0,4,1,1,0.485833,0.475371,0.479593127679983,0.20456157072562225,5.786897381366708,4665,4990
427,2012-03-02,1,1,3,0,5,1,2,0.353333,0.359842,0.5050588277149826,0.13532079069643957,5.5093883366279774,2948,3194
428,2012-03-03,1,1,3,0,6,0,2,0.414167,0.413492,0.48319745664851654,0.14934974518978783,6.863803391452954,3110,4066
429,2012-03-04,1,1,3,0,0,0,1,0.325833,0.303021,0.33885012149646093,0.2886098918941725,6.566672429803241,2713,3423
430,2012-03-05,1,1,3,0,1,1,1,0.243333,0.241171,0.40962311825682807,0.20608528281819447,5.318119993844216,3130,3333
431,2012-03-06,1,1,3,0,2,1,1,0.258333,0.255042,0.37615094927231485,0.18305045774776552,5.402677381872279,3735,3956
432,2012-03-07,1,1,3,0,3,1,1,0.404167,0.3851,0.41431450312080553,0.2969730275486857,6.07073772800249,4484,4916
433,2012-03-08,1,1,3,0,4,1,1,0.5275,0.524604,0.44948199352493867,0.36572794161581285,6.18826412308259,4896,5382
434,2012-03-09,1,1,3,0,5,1,2,0.410833,0.397083,0.34151876715284885,0.3469881783491885,6.104793232414985,4122,4569
435,2012-03-10,1,1,3,0,6,0,1,0.2875,0.277767,0.30041343364287576,0.2035529015492056,6.876264611890766,3150,4118
436,2012-03-11,1,1,3,0,0,0,1,0.361739,0.35967,0.38998389005842143,0.2009691054789075,7.413970290190444,3253,4911
437,2012-03-12,1,1,3,0,1,1,1,0.466667,0.459592,0.39821690322214737,0.18872848850390628,6.732210706467206,4460,5298
438,2012-03-13,1,1,3,0,2,1,1,0.565,0.542929,0.4808817473929186,0.21264867222155817,6.637258031284457,5085,5847
439,2012-03-14,1,1,3,0,3,1,1,0.5725,0.548617,0.41017599443826486,0.10891000874732609,6.905753276311464,5315,6312
440,2012-03-15,1,1,3,0,4,1,1,0.5575,0.532825,0.45716088815416106,0.13966019806894753,6.913737350659685,5187,6192
441,2012-03-16,1,1,3,0,5,1,2,0.435833,0.436229,0.6108969965356547,0.1072315641543758,6.3080984415095305,3830,4378
442,2012-03-17,1,1,3,0,6,0,2,0.514167,0.505046,0.5629433881847001,0.1049940485169455,8.057060681965766,4681,7836
443,2012-03-18,1,1,3,0,0,0,2,0.4725,0.464,0.5933268452777344,0.11945541422922439,7.699842407396986,3685,5892
444,2012-03-19,1,1,3,0,1,1,1,0.545,0.532821,0.5473986039968309,0.15041542673280847,6.890609120147166,5171,6153
445,2012-03-20,1,1,3,0,2,1,1,0.560833,0.538533,0.5921753538365765,0.11446286331247144,6.9584483932976555,5042,6093
446,2012-03-21,2,1,3,0,3,1,2,0.531667,0.513258,0.5995230785272776,0.08577238475565019,7.023758954738443,5108,6230
447,2012-03-22,2,1,3,0,4,1,1,0.554167,0.531567,0.6049987937832404,0.11114952695091401,7.19668657083435,5537,6871
448,2012-03-23,2,1,3,0,5,1,2,0.601667,0.570067,0.5271911746058018,0.11001964503854945,7.8119734296220225,5893,8362
449,2012-03-24,2,1,3,0,6,0,2,0.5025,0.486733,0.634149016593554,0.17628923218708323,6.9411900550683745,2339,3372
450,2012-03-25,2,1,3,0,0,0,2,0.4375,0.437488,0.6317147638150216,0.19948590296353455,7.334981878871814,3464,4996
451,2012-03-26,2,1,3,0,1,1,1,0.445833,0.43875,0.39063366398027155,0.32701407748881384,6.679599185844383,4763,5558
452,2012-03-27,2,1,3,0,2,1,1,0.323333,0.315654,0.2546422183735807,0.17159085486380046,6.2766434893416445,4571,5102
453,2012-03-28,2,1,3,0,3,1,1,0.484167,0.47095,0.3928863259013043,0.25593672897028286,6.51471269087253,5024,5698
454,2012-03-29,2,1,3,0,4,1,1,0.494167,0.482304,0.3640644739860783,0.27736654992424986,6.727431724850855,5299,6133
455,2012-03-30,2,1,3,0,5,1,2,0.37,0.375621,0.4579519232996489,0.12933120919074512,6.680854678790215,4663,5459
456,2012-03-31,2,1,3,0,6,0,2,0.424167,0.421708,0.5529266080300536,0.22363702953380196,7.741533589281828,3934,6235
457,2012-04-01,2,1,4,0,0,0,2,0.425833,0.417287,0.5165591556137512,0.1589394809084236,7.761319180947987,3694,6041
458,2012-04-02,2,1,4,0,1,1,1,0.433913,0.427513,0.40835958174145864,0.2716586300320605,7.097548850614793,4728,5936
459,2012-04-03,2,1,4,0,2,1,1,0.466667,0.461483,0.33408868392939267,0.09543108158631895,7.207118856207756,5424,6772
460,2012-04-04,2,1,4,0,3,1,1,0.541667,0.53345,0.38497868707832783,0.16634036848989928,6.9650803456014065,5378,6436
461,2012-04-05,2,1,4,0,4,1,1,0.435,0.431163,0.3178477293547331,0.19846471862889495,7.084226422097916,5265,6457
462,2012-04-06,2,1,4,0,5,1,1,0.403333,0.390767,0.3199674938922317,0.2626626814751679,7.4999765409521215,4653,6460
463,2012-04-07,2,1,4,0,6,0,1,0.4375,0.426129,0.22647160718757997,0.24284499702111687,8.087332926473351,3605,6857
464,2012-04-08,2,1,4,0,0,0,1,0.5,0.492425,0.2435992986144123,0.20912251436793466,7.7102051944325325,2939,5169
465,2012-04-09,2,1,4,0,1,1,1,0.489167,0.476638,0.2757360014333804,0.30615734861885413,6.80903930604298,4680,5585
466,2012-04-10,2,1,4,0,2,1,1,0.446667,0.436233,0.3611648492115844,0.22264342627252748,6.709304340258298,5099,5918
467,2012-04-11,2,1,4,0,3,1,1,0.348696,0.337274,0.38496643863081836,0.2587222557825555,6.180016653652572,4380,4862
468,2012-04-12,2,1,4,0,4,1,1,0.3975,0.387604,0.38270812098554813,0.2549747212279142,6.498282149476434,4746,5409
469,2012-04-13,2,1,4,0,5,1,1,0.4425,0.431808,0.3424067354546089,0.14450805305690434,7.133295954896068,5146,6398
470,2012-04-14,2,1,4,0,6,0,1,0.495,0.487996,0.4074078863584394,0.17472359860805656,7.935945103353701,4665,7460
471,2012-04-15,2,1,4,0,0,0,1,0.606667,0.573875,0.41072922828322117,0.2030461445748388,7.954021087278037,4286,7132
472,2012-04-16,2,1,4,1,1,0,1,0.664167,0.614925,0.44575384046942484,0.250625635562101,7.089243155027514,5172,6370
473,2012-04-17,2,1,4,0,2,1,1,0.608333,0.598487,0.3296037021515984,0.24187030594924924,6.897704943128636,5702,6691
474,2012-04-18,2,1,4,0,3,1,2,0.463333,0.457038,0.4505449053080164,0.15521753910189576,5.8522024797744745,4020,4367
475,2012-04-19,2,1,4,0,4,1,1,0.498333,0.493046,0.4777857696877905,0.06384690702765976,6.741700694652055,5719,6565
476,2012-04-20,2,1,4,0,5,1,1,0.526667,0.515775,0.52743669286598,0.1396497621701513,7.201170883281678,5950,7290
477,2012-04-21,2,1,4,0,6,0,1,0.57,0.542921,0.5205285972961852,0.24965850243661947,7.8407064517494,4083,6624
478,2012-04-22,2,1,4,0,0,0,3,0.396667,0.389504,0.6072717036460311,0.2960564096037688,4.795790545596741,907,1027
479,2012-04-23,2,1,4,0,1,1,2,0.321667,0.301125,0.569094720569194,0.2650498857254145,5.278114659230517,3019,3214
480,2012-04-24,2,1,4,0,2,1,1,0.413333,0.405283,0.3744332280867706,0.22264982945362782,6.251903883165888,5115,5633
481,2012-04-25,2,1,4,0,3,1,1,0.476667,0.470317,0.3562167389788714,0.11224953180168994,6.486160788944089,5541,6196
482,2012-04-26,2,1,4,0,4,1,2,0.498333,0.483583,0.5634182636384639,0.16265017088524725,6.16541785423142,4551,5026
483,2012-04-27,2,1,4,0,5,1,1,0.4575,0.452637,0.33706705967889655,0.29834972022906375,6.922643891475888,5219,6233
484,2012-04-28,2,1,4,0,6,0,2,0.376667,0.377504,0.3984962150158222,0.12219550858570695,7.02197642307216,3100,4220
485,2012-04-29,2,1,4,0,0,0,1,0.458333,0.450121,0.461897740113666,0.11056415322141654,7.709756864454165,4075,6304
486,2012-04-30,2,1,4,0,1,1,2,0.464167,0.457696,0.4510756193602166,0.1584027697233721,6.501289670540389,4907,5572
487,2012-05-01,2,1,5,0,2,1,2,0.613333,0.577021,0.5065663659919591,0.14504881178484103,6.483107351457199,5087,5740
488,2012-05-02,2,1,5,0,3,1,1,0.564167,0.537896,0.5861647948260481,0.1293233010134701,6.504288173536645,5502,6169
489,2012-05-03,2,1,5,0,4,1,2,0.56,0.537242,0.5700372948964052,0.12548309176492606,6.639875833826536,5657,6421
490,2012-05-04,2,1,5,0,5,1,1,0.6275,0.590917,0.5512477303417184,0.15094956171135002,6.975413927455952,5227,6296
491,2012-05-05,2,1,5,0,6,0,2,0.621667,0.584608,0.5634182636384639,0.1423603028413419,7.822845290279774,4387,6883
492,2012-05-06,2,1,5,0,0,0,2,0.5625,0.546737,0.5538851132264376,0.13965671944811633,7.666690200080086,4224,6359
493,2012-05-07,2,1,5,0,1,1,2,0.5375,0.527142,0.5093246979401541,0.2076001765103944,6.9167150203536085,5265,6273
494,2012-05-08,2,1,5,0,2,1,2,0.581667,0.557471,0.522259803665485,0.25930497422294174,6.6052979209482015,4990,5728
495,2012-05-09,2,1,5,0,3,1,2,0.575,0.553025,0.5562770777831244,0.19590554194834095,6.431331081933479,4097,4717
496,2012-05-10,2,1,5,0,4,1,1,0.505833,0.491783,0.4395978997124992,0.2731238641185636,6.934397209928558,5546,6572
497,2012-05-11,2,1,5,0,5,1,1,0.533333,0.520833,0.3077912703974353,0.2126381624448383,7.1853870155804165,5711,7030
498,2012-05-12,2,1,5,0,6,0,1,0.564167,0.544817,0.39232380484679985,0.11612210151306714,7.872073979866873,4807,7429
499,2012-05-13,2,1,5,0,0,0,1,0.6125,0.585238,0.4550486082969923,0.2030363496399628,7.6838639802564295,3946,6118
500,2012-05-14,2,1,5,0,1,1,2,0.573333,0.5499,0.5819826318192048,0.19284268180884565,5.8377304471659395,2501,2843
501,2012-05-15,2,1,5,0,2,1,2,0.611667,0.576404,0.5847726829739189,0.13749154087616067,6.439350371100098,4490,5115
502,2012-05-16,2,1,5,0,3,1,1,0.636667,0.595975,0.5294022056579253,0.11556903100029273,6.899723107284872,6433,7424
503,2012-05-17,2,1,5,0,4,1,1,0.593333,0.572613,0.41871033485818504,0.20658724899849265,7.1252830915107115,6142,7384
504,2012-05-18,2,1,5,0,5,1,1,0.564167,0.551121,0.420900697419599,0.12823225194650512,7.3277805384216315,6118,7639
505,2012-05-19,2,1,5,0,6,0,1,0.6,0.566908,0.3758646383318736,0.0806348400208783,8.134760782418645,4884,8294
506,2012-05-20,2,1,5,0,0,0,1,0.620833,0.583967,0.4255402472892151,0.2266310628700015,7.902857191280582,4425,7129
507,2012-05-21,2,1,5,0,1,1,2,0.598333,0.565667,0.5940172146527551,0.20961566061849984,6.447305862541213,3729,4359
508,2012-05-22,2,1,5,0,2,1,2,0.615,0.580825,0.5686225337239026,0.11169073745967198,6.709304340258298,5254,6073
509,2012-05-23,2,1,5,0,3,1,2,0.621667,0.584612,0.5735654657496383,0.09712671073072274,6.642486801367256,4494,5260
510,2012-05-24,2,1,5,0,4,1,1,0.655,0.6067,0.5403846201822735,0.15947590418909358,6.966024187106113,5711,6770
511,2012-05-25,2,1,5,0,5,1,1,0.68,0.627529,0.5579475400405267,0.13151060220221056,7.257002707092073,5317,6734
512,2012-05-26,2,1,5,0,6,0,1,0.6925,0.642696,0.5495654520819213,0.18148120379626206,7.957177323459475,3681,6536
513,2012-05-27,2,1,5,0,0,0,1,0.69,0.641425,0.5289108948969377,0.19488480763020363,8.096817470572319,3308,6591
514,2012-05-28,2,1,5,1,1,0,1,0.7125,0.6793,0.5165591556137512,0.17941817940324428,7.846980982138788,3486,6043
515,2012-05-29,2,1,5,0,2,1,1,0.7225,0.672992,0.5215180554318477,0.25881952776667966,6.78105762593618,4863,5743
516,2012-05-30,2,1,5,0,3,1,2,0.656667,0.611129,0.5128236264286639,0.12604128668467865,6.61472560020376,6110,6855
517,2012-05-31,2,1,5,0,4,1,1,0.68,0.631329,0.40073192424547577,0.17837963093628775,7.00397413672268,6238,7338
518,2012-06-01,2,1,6,0,5,1,2,0.654167,0.607962,0.5627064355314021,0.21314412325579363,6.280395838960195,3594,4127
519,2012-06-02,2,1,6,0,6,0,1,0.583333,0.566288,0.4377173671147751,0.17106005005859143,7.935945103353701,5325,8120
520,2012-06-03,2,1,6,0,0,0,1,0.6025,0.575133,0.4010105345444735,0.16897201349204055,7.822044008185619,5147,7641
521,2012-06-04,2,1,6,0,1,1,1,0.5975,0.578283,0.3968164830016746,0.25062874881201486,6.977281341630747,5927,6998
522,2012-06-05,2,1,6,0,2,1,2,0.540833,0.525892,0.47830222544883905,0.1902690582401277,6.876264611890766,6033,7001
523,2012-06-06,2,1,6,0,3,1,1,0.554167,0.542292,0.47701027527126005,0.07429545457779384,6.93537044601511,6028,7055
524,2012-06-07,2,1,6,0,4,1,1,0.6025,0.569442,0.44921592942489097,0.14613290894796077,6.946013991099227,6456,7494
525,2012-06-08,2,1,6,0,5,1,1,0.649167,0.597862,0.38384438908436874,0.16159405193034354,7.305860032684009,6248,7736
526,2012-06-09,2,1,6,0,6,0,1,0.710833,0.648367,0.3626153646494868,0.13478173561982892,7.904334842085095,4790,7498
527,2012-06-10,2,1,6,0,0,0,1,0.726667,0.663517,0.43069936260195857,0.12550514328875342,7.707512194600341,4374,6598
528,2012-06-11,2,1,6,0,1,1,2,0.720833,0.659721,0.46242309445645774,0.18872848850390628,6.925595197110468,5647,6664
529,2012-06-12,2,1,6,0,2,1,2,0.653333,0.597875,0.6061356217521171,0.19437034441182466,6.169610732491456,4495,4972
530,2012-06-13,2,1,6,0,3,1,1,0.655833,0.611117,0.45874233320309105,0.29511363982237004,7.068172000388042,6248,7421
531,2012-06-14,2,1,6,0,4,1,1,0.648333,0.624383,0.4508099789853948,0.22612550088004588,7.074116816197362,6183,7363
532,2012-06-15,2,1,6,0,5,1,1,0.639167,0.599754,0.4634717176839401,0.16264337175451607,7.355001921105257,6102,7665
533,2012-06-16,2,1,6,0,6,0,1,0.631667,0.594708,0.40823925659751326,0.1541509655415032,7.994294986415977,4739,7702
534,2012-06-17,2,1,6,0,0,0,1,0.5925,0.571975,0.46922207391091536,0.13532079069643957,7.876638460975463,4344,6978
535,2012-06-18,2,1,6,0,1,1,2,0.568333,0.544842,0.5754424543372981,0.16105195401520817,6.483107351457199,4446,5099
536,2012-06-19,2,1,6,0,2,1,1,0.688333,0.654692,0.5247285289349821,0.1380361061501013,6.876264611890766,5857,6825
537,2012-06-20,2,1,6,0,3,1,1,0.7825,0.720975,0.46504322174156604,0.10778836604248926,6.771935555839602,5339,6211
538,2012-06-21,3,1,6,0,4,1,1,0.805833,0.752542,0.44974798685371037,0.11224506268573918,6.658011045870748,5127,5905
539,2012-06-22,3,1,6,0,5,1,1,0.7775,0.724121,0.45346130637641985,0.16792001732754244,6.872128101338986,4859,5823
540,2012-06-23,3,1,6,0,6,0,1,0.731667,0.652792,0.4282586828947772,0.1652779698431034,7.885329239273191,4801,7458
541,2012-06-24,3,1,6,0,0,0,1,0.743333,0.674254,0.39147909148551174,0.13586304720403414,7.844632644464681,4340,6891
542,2012-06-25,3,1,6,0,1,1,1,0.715833,0.654042,0.40823925659751326,0.26265883646151617,7.038783541388542,5640,6779
543,2012-06-26,3,1,6,0,2,1,1,0.630833,0.594704,0.3172406319748493,0.29835639858284957,6.982862751468942,6365,7442
544,2012-06-27,3,1,6,0,3,1,1,0.6975,0.640792,0.3074846997479606,0.24041356247916376,6.982862751468942,6258,7335
545,2012-06-28,3,1,6,0,4,1,1,0.749167,0.675512,0.3524158870183489,0.15841301174227893,6.826545223556594,5958,6879
546,2012-06-29,3,1,6,0,5,1,1,0.834167,0.786613,0.3979368416873728,0.15307896288661835,6.721425700790643,4634,5463
547,2012-06-30,3,1,6,0,6,0,1,0.765,0.687508,0.47078457422880693,0.1493428550233472,7.283448228756631,4232,5687
548,2012-07-01,3,1,7,0,0,0,1,0.815833,0.750629,0.4178876281067216,0.15574569283172887,7.259819610363186,4110,5531
549,2012-07-02,3,1,7,0,1,1,1,0.781667,0.702038,0.3695498060596086,0.17836959138883698,6.807934943699926,5323,6227
550,2012-07-03,3,1,7,0,2,1,1,0.780833,0.70265,0.4001731302610862,0.11888198714349313,6.959398512133975,5608,6660
551,2012-07-04,3,1,7,1,3,0,1,0.789167,0.732337,0.4309703985165262,0.12658859709957399,7.848933726364071,4841,7403
552,2012-07-05,3,1,7,0,4,1,1,0.8275,0.761367,0.37700870466837827,0.17733330278266174,7.2485040723706105,4836,6241
553,2012-07-06,3,1,7,0,5,1,1,0.828333,0.752533,0.3721378742390554,0.13640151986599455,7.220373836723949,4841,6207
554,2012-07-07,3,1,7,0,6,0,1,0.861667,0.804913,0.4001731302610862,0.15147911437209005,7.278628942320682,3392,4840
555,2012-07-08,3,1,7,0,0,0,1,0.8225,0.790396,0.45346130637641985,0.11834199052311321,7.093404625868766,3469,4672
556,2012-07-09,3,1,7,0,1,1,2,0.710833,0.654054,0.5207757565993372,0.16634036848989928,6.906754778648554,5571,6569
557,2012-07-10,3,1,7,0,2,1,2,0.720833,0.664796,0.5113254988076417,0.14127123759849347,6.86171134048073,5336,6290
558,2012-07-11,3,1,7,0,3,1,1,0.716667,0.650271,0.49062271236681776,0.1412677645773558,6.883462586413092,6289,7264
559,2012-07-12,3,1,7,0,4,1,1,0.715833,0.654683,0.4249951492365023,0.1369536549987368,6.940222469119639,6414,7446
560,2012-07-13,3,1,7,0,5,1,2,0.731667,0.667933,0.3959755577460253,0.07774776862192474,7.321188556739478,5988,7499
561,2012-07-14,3,1,7,0,6,0,2,0.703333,0.666042,0.5301381309729396,0.13425025917803596,7.764720544771477,4614,6969
562,2012-07-15,3,1,7,0,0,0,1,0.745833,0.705196,0.5411125104043151,0.1541509655415032,7.560601162768557,4111,6031
563,2012-07-16,3,1,7,0,1,1,1,0.763333,0.724125,0.49774038421733524,0.15202298932690972,6.9930151229329605,5742,6830
564,2012-07-17,3,1,7,0,2,1,1,0.818333,0.755683,0.40934623345473986,0.1083421661168701,6.826545223556594,5865,6786
565,2012-07-18,3,1,7,0,3,1,1,0.793333,0.745583,0.45557693817485573,0.1287818815319956,6.684611727667927,4914,5713
566,2012-07-19,3,1,7,0,4,1,1,0.77,0.714642,0.4702642202889401,0.15308925957717626,6.790097235513905,5703,6591
567,2012-07-20,3,1,7,0,5,1,2,0.665833,0.613025,0.6120276850250546,0.18976627597477275,6.617402977974478,5123,5870
568,2012-07-21,3,1,7,0,6,0,3,0.595833,0.549912,0.6234846205960004,0.19334392007569026,7.142827401161621,3195,4459
569,2012-07-22,3,1,7,0,0,0,2,0.6675,0.623125,0.5667332557042867,0.08976830649798355,7.841885928984623,4866,7410
570,2012-07-23,3,1,7,0,1,1,1,0.741667,0.690017,0.5271911746058018,0.12987233141763088,7.035268599281097,5831,6966
571,2012-07-24,3,1,7,0,2,1,1,0.750833,0.70645,0.5038010088290262,0.1918212910942373,7.039660349862076,6452,7592
572,2012-07-25,3,1,7,0,3,1,1,0.724167,0.654054,0.37156355643248307,0.15254939846028445,7.232733136177615,6790,8173
573,2012-07-26,3,1,7,0,4,1,1,0.776667,0.739263,0.4679183315229596,0.2506131824655216,6.9440872082295275,5825,6861
574,2012-07-27,3,1,7,0,5,1,1,0.781667,0.734217,0.4666122600486191,0.1423603028413419,7.138866999945524,5645,6904
575,2012-07-28,3,1,7,0,6,0,1,0.755833,0.697604,0.47830222544883905,0.14613290894796077,7.711996507047669,4451,6685
576,2012-07-29,3,1,7,0,0,0,1,0.721667,0.667933,0.48473828900267224,0.15734215308294078,7.675081857716334,4444,6597
577,2012-07-30,3,1,7,0,1,1,1,0.730833,0.684987,0.5120748431664226,0.1429022239170819,6.947937068614969,6065,7105
578,2012-07-31,3,1,7,0,2,1,1,0.713333,0.662896,0.5330764282998133,0.1530858273587705,6.876264611890766,6248,7216
579,2012-08-01,3,1,8,0,3,1,1,0.7175,0.667308,0.5173045898636998,0.1320619385054553,6.980075940561763,6506,7580
580,2012-08-02,3,1,8,0,4,1,1,0.7525,0.707088,0.5065663659919591,0.12164578783619372,6.891625897052253,6278,7261
581,2012-08-03,3,1,8,0,5,1,2,0.765833,0.722867,0.49621947137662853,0.19539571628122646,7.192182058713246,5847,7175
582,2012-08-04,3,1,8,0,6,0,1,0.793333,0.751267,0.47830222544883905,0.22909222283159242,7.76046702921342,4479,6824
583,2012-08-05,3,1,8,0,0,0,1,0.769167,0.731079,0.5022892927437044,0.2549685217200001,7.443078374348516,3757,5464
584,2012-08-06,3,1,8,0,1,1,2,0.7525,0.710246,0.5032975588565138,0.12164578783619372,7.1180162044653335,5780,7013
585,2012-08-07,3,1,8,0,2,1,2,0.735833,0.697621,0.5328317040286054,0.11056415322141654,7.153833801578843,5995,7273
586,2012-08-08,3,1,8,0,3,1,2,0.75,0.707717,0.5145688092976072,0.10499044719093728,7.142036574706803,6271,7534
587,2012-08-09,3,1,8,0,4,1,1,0.755833,0.699508,0.48268352352809746,0.14505227169913892,7.087573705557973,6090,7286
588,2012-08-10,3,1,8,0,5,1,2,0.715833,0.667942,0.5398986769826163,0.214153663088326,6.97166860472579,4721,5786
589,2012-08-11,3,1,8,0,6,0,2,0.6925,0.638267,0.5498061157607874,0.18770620021244613,7.717796211013582,4052,6299
590,2012-08-12,3,1,8,0,0,0,1,0.700833,0.644579,0.4255402472892151,0.11556903100029273,7.688455356549944,4362,6544
591,2012-08-13,3,1,8,0,1,1,1,0.720833,0.662254,0.43529377684509163,0.12769992260597599,7.0967213784947605,5676,6883
592,2012-08-14,3,1,8,0,2,1,1,0.726667,0.676779,0.5227543922597035,0.1562838316117961,7.029087564149662,5656,6784
593,2012-08-15,3,1,8,0,3,1,1,0.706667,0.654037,0.48216870870191236,0.15680800315700796,7.089243155027514,6149,7347
594,2012-08-16,3,1,8,0,4,1,1,0.719167,0.654688,0.41816215832108816,0.13260246130138795,7.199678345691172,6267,7605
595,2012-08-17,3,1,8,0,5,1,1,0.723333,0.2424,0.45160605190440545,0.2081143769421011,7.302496423727326,5665,7148
596,2012-08-18,3,1,8,0,6,0,1,0.678333,0.618071,0.47208458754933064,0.16370517562953954,7.947325027016463,5038,7865
597,2012-08-19,3,1,8,0,0,0,2,0.635833,0.603554,0.5374677494543598,0.08291550032730771,7.097548850614793,3341,4549
598,2012-08-20,3,1,8,0,1,1,2,0.635833,0.595967,0.5505271828328054,0.12219904848076676,6.934397209928558,5504,6530
599,2012-08-21,3,1,8,0,2,1,1,0.649167,0.601025,0.5150666180232452,0.07024483412124034,6.9865664594064265,5925,7006
600,2012-08-22,3,1,8,0,3,1,1,0.6675,0.621854,0.517055974758843,0.06792337978452917,6.9985096422506015,6281,7375
601,2012-08-23,3,1,8,0,4,1,1,0.695833,0.637008,0.4921521547306084,0.08120738302197236,7.218176838403408,6402,7765
602,2012-08-24,3,1,8,0,5,1,2,0.7025,0.6471,0.47933495667461984,0.06966206086312039,7.189922170745808,6257,7582
603,2012-08-25,3,1,8,0,6,0,2,0.661667,0.618696,0.5381977651616765,0.21865991482170885,7.512071245835466,4224,6053
604,2012-08-26,3,1,8,0,0,0,2,0.653333,0.595996,0.6129306661162206,0.20608528281819447,7.302496423727326,3772,5255
605,2012-08-27,3,1,8,0,1,1,1,0.703333,0.654688,0.5483624199265303,0.12109576472755733,6.897704943128636,5928,6917
606,2012-08-28,3,1,8,0,2,1,1,0.728333,0.66605,0.4824261492442927,0.17473031609813358,6.841615476477592,6105,7040
607,2012-08-29,3,1,8,0,3,1,1,0.685,0.635733,0.4395978997124992,0.10666546384245933,7.071573364211532,6520,7697
608,2012-08-30,3,1,8,0,4,1,1,0.706667,0.652779,0.463996245997853,0.07428774885006603,7.067319848653476,6541,7713
609,2012-08-31,3,1,8,0,5,1,1,0.764167,0.6894,0.46216045178470966,0.1557491159330415,7.2682230211595655,5917,7350
610,2012-09-01,3,1,9,0,6,0,2,0.753333,0.702654,0.4936792614721999,0.10722707255613487,7.763446388727362,3788,6140
611,2012-09-02,3,1,9,0,0,0,2,0.696667,0.649,0.596085467716814,0.062101930059058445,7.868636894184167,3197,5810
612,2012-09-03,3,1,9,1,1,0,1,0.7075,0.661629,0.5826808747333163,0.14073625019180822,7.583756300707112,4069,6034
613,2012-09-04,3,1,9,0,2,1,1,0.725833,0.686888,0.5624688569178292,0.2121400340548867,6.7661917146603505,5997,6864
614,2012-09-05,3,1,9,0,3,1,1,0.736667,0.708983,0.5546032461118784,0.1721095917175379,6.725033642166843,6280,7112
615,2012-09-06,3,1,9,0,4,1,2,0.696667,0.655329,0.5935572054831163,0.13314969478717067,6.416732282512326,5592,6203
616,2012-09-07,3,1,9,0,5,1,1,0.703333,0.657204,0.5517276150864164,0.15840959774763208,6.952728644624869,6459,7504
617,2012-09-08,3,1,9,0,6,0,2,0.659167,0.611121,0.5873237800096572,0.2477222061921356,7.351158226430694,4419,5976
618,2012-09-09,3,1,9,0,0,0,1,0.61,0.578925,0.4366407255766141,0.20252933076530522,7.852050207265889,5657,8227
619,2012-09-10,3,1,9,0,1,1,1,0.583333,0.565654,0.4079619883067516,0.23008977037829811,7.020190708311925,6407,7525
620,2012-09-11,3,1,9,0,2,1,1,0.5775,0.554292,0.41871033485818504,0.08806050979063569,6.976348070447749,6697,7767
621,2012-09-12,3,1,9,0,3,1,1,0.599167,0.570075,0.45557693817485573,0.12384992812355729,6.957497370876951,6820,7870
622,2012-09-13,3,1,9,0,4,1,1,0.6125,0.579558,0.49291599960825083,0.07947713238136349,6.961296045910167,6750,7804
623,2012-09-14,3,1,9,0,5,1,1,0.633333,0.594083,0.5143195130202465,0.09881584595168236,7.22983877815125,6630,8009
624,2012-09-15,3,1,9,0,6,0,1,0.608333,0.585867,0.4065758243677496,0.22115838216918673,8.058643712215618,5554,8714
625,2012-09-16,3,1,9,0,0,0,1,0.58,0.563125,0.4510756193602166,0.08634584724049525,7.681099001536359,5167,7333
626,2012-09-17,3,1,9,0,1,1,2,0.580833,0.55305,0.5507670386898111,0.1412755788579536,6.930494765951626,5847,6869
627,2012-09-18,3,1,9,0,2,1,2,0.623333,0.565067,0.6272744364092375,0.3057088591701699,5.918893854273146,3702,4073
628,2012-09-19,3,1,9,0,3,1,1,0.5525,0.540404,0.42961578526016364,0.1948880993425771,6.670766320845874,6803,7591
629,2012-09-20,3,1,9,0,4,1,1,0.546667,0.532192,0.4813966071019339,0.11169073745967198,6.84587987526405,6781,7720
630,2012-09-21,3,1,9,0,5,1,1,0.599167,0.571971,0.5120748431664226,0.1434325886072264,7.1316985104669115,6917,8167
631,2012-09-22,3,1,9,0,6,0,1,0.65,0.610488,0.4987532449608507,0.2496553861646157,7.829232537543592,5883,8395
632,2012-09-23,4,1,9,0,0,0,1,0.529167,0.518933,0.38327607561081023,0.2015177911207483,7.805882040228621,5453,7907
633,2012-09-24,4,1,9,0,1,1,1,0.514167,0.502513,0.40073192424547577,0.13313481399761323,6.90975328164481,6435,7436
634,2012-09-25,4,1,9,0,2,1,1,0.55,0.544179,0.4510756193602166,0.2121400340548867,6.740519359606223,6693,7538
635,2012-09-26,4,1,9,0,3,1,1,0.635,0.596613,0.4890909272254823,0.2186534860413449,6.669498089857879,6946,7733
636,2012-09-27,4,1,9,0,4,1,2,0.65,0.607975,0.5252213069082546,0.12605274713883893,6.62273632394984,6642,7393
637,2012-09-28,4,1,9,0,5,1,2,0.619167,0.585863,0.5247285289349821,0.1520161175550319,6.952728644624869,6370,7415
638,2012-09-29,4,1,9,0,6,0,1,0.5425,0.530296,0.43367478061860015,0.20506430214849067,7.859413154693583,5966,8555
639,2012-09-30,4,1,9,0,0,0,1,0.526667,0.517663,0.4595321188521022,0.12659564584339977,7.60887062919126,4874,6889
640,2012-10-01,4,1,10,0,1,1,2,0.520833,0.512,0.5002703119487376,0.0869152223669222,6.638567789166521,6015,6778
641,2012-10-02,4,1,10,0,2,1,3,0.590833,0.542333,0.626829477616671,0.09937010894554253,5.755742213586912,4324,4639
642,2012-10-03,4,1,10,0,3,1,2,0.6575,0.599133,0.5843084005257941,0.06442520221722484,6.591673732008658,6844,7572
643,2012-10-04,4,1,10,0,4,1,2,0.6575,0.607975,0.5440187845921108,0.11113520996936296,6.79346613258001,6437,7328
644,2012-10-05,4,1,10,0,5,1,1,0.615,0.580187,0.48704509510058724,0.10106630873480299,7.324489979348532,6640,8156
645,2012-10-06,4,1,10,0,6,0,1,0.554167,0.538521,0.5093246979401541,0.23746057190900277,8.016977746762262,4934,7965
646,2012-10-07,4,1,10,0,0,0,2,0.415833,0.419813,0.5355180412343918,0.13204704152029814,6.661854740545311,2729,3510
647,2012-10-08,4,1,10,1,1,0,2,0.383333,0.387608,0.5362494811268467,0.17368352283576985,6.774223886357614,4604,5478
648,2012-10-09,4,1,10,0,2,1,2,0.446667,0.438112,0.5662605198688321,0.17420537619169704,6.400257445308821,5791,6392
649,2012-10-10,4,1,10,0,3,1,1,0.514167,0.503142,0.4890909272254823,0.17212053618740258,6.660575149839686,6911,7691
650,2012-10-11,4,1,10,0,4,1,1,0.435,0.431167,0.38071671062851153,0.16686606698895098,6.727431724850855,6736,7570
651,2012-10-12,4,1,10,0,5,1,1,0.4375,0.433071,0.4312413609905314,0.21114546123253122,6.966967138613983,6222,7282
652,2012-10-13,4,1,10,0,6,0,1,0.393333,0.391396,0.40184723816862106,0.13640151986599455,7.720017940432244,4857,7109
653,2012-10-14,4,1,10,0,0,0,1,0.521667,0.508204,0.4949504778080863,0.24577511457158183,7.640603826393634,4559,6639
654,2012-10-15,4,1,10,0,1,1,2,0.561667,0.53915,0.5350303124628081,0.2593111469052731,6.634633357861686,5115,5875
655,2012-10-16,4,1,10,0,2,1,1,0.468333,0.460846,0.44361666016877443,0.16739487274215806,6.827629234502852,6612,7534
656,2012-10-17,4,1,10,0,3,1,1,0.455833,0.450108,0.5264530765505135,0.09655576737430516,6.887552571664617,6482,7461
657,2012-10-18,4,1,10,0,4,1,2,0.5225,0.512625,0.5471573601493315,0.2126381624448383,6.9167150203536085,6501,7509
658,2012-10-19,4,1,10,0,5,1,2,0.563333,0.537896,0.596085467716814,0.12659212147769747,6.625392368007956,4671,5424
659,2012-10-20,4,1,10,0,6,0,1,0.484167,0.472842,0.45293185726759544,0.1111271565771623,7.939871576361883,5284,8090
660,2012-10-21,4,1,10,0,0,0,1,0.464167,0.456429,0.412109650826833,0.1536253990343125,7.665284718471351,4692,6824
661,2012-10-22,4,1,10,0,1,1,1,0.4875,0.482942,0.45001327182935946,0.07833352477534257,6.7226297948554485,6228,7058
662,2012-10-23,4,1,10,0,2,1,1,0.544167,0.530304,0.4957121890016072,0.09033948269687256,6.7357800142423265,6625,7466
663,2012-10-24,4,1,10,0,3,1,1,0.5875,0.558721,0.4924070382419726,0.0702526642813392,6.679599185844383,6898,7693
664,2012-10-25,4,1,10,0,4,1,2,0.55,0.529688,0.5880183047382073,0.1172273257226605,6.775366090936392,6484,7359
665,2012-10-26,4,1,10,0,5,1,2,0.545833,0.52275,0.5917139430400086,0.12439843887765333,7.075808863978387,6262,7444
666,2012-10-27,4,1,10,0,6,0,2,0.53,0.515133,0.5423242908253617,0.2116311370437669,7.880048200971577,5209,7852
667,2012-10-28,4,1,10,0,0,0,2,0.4775,0.467771,0.52743669286598,0.3350483662559034,6.906754778648554,3461,4459
668,2012-10-29,4,1,10,0,1,1,3,0.44,0.4394,0.6312717768418579,0.306160293697554,1.0986122886681098,20,22
669,2012-10-30,4,1,10,0,2,1,2,0.318182,0.309909,0.601829271029111,0.19310404955516278,4.477336814478207,1009,1096
670,2012-10-31,4,1,10,0,3,1,2,0.3575,0.3611,0.5108258237659707,0.1541509655415032,6.040254711277414,5147,5566
671,2012-11-01,4,1,11,0,4,1,2,0.365833,0.369942,0.45847935414191526,0.14612945277056208,6.1463292576688975,5520,5986
672,2012-11-02,4,1,11,0,5,1,1,0.355,0.356042,0.4200797914611377,0.2360005448167181,6.428105272684596,5229,5847
673,2012-11-03,4,1,11,0,6,0,2,0.343333,0.323846,0.39961469442998887,0.23943334917676964,6.937314081223682,4109,5138
674,2012-11-04,4,1,11,0,0,0,1,0.325833,0.329538,0.4271724562191078,0.16475822041336546,7.091742115095153,3906,5107
675,2012-11-05,4,1,11,0,1,1,1,0.319167,0.308075,0.40156886091881,0.21214326945534437,5.937536205082426,4881,5259
676,2012-11-06,4,1,11,0,2,1,1,0.280833,0.281567,0.44921592942489097,0.16000181421945986,6.1463292576688975,5220,5686
677,2012-11-07,4,1,11,0,3,1,2,0.295833,0.274621,0.4366407255766141,0.2655192821607912,5.7899601708972535,4709,5035
678,2012-11-08,4,1,11,0,4,1,1,0.352174,0.341891,0.28779056656608165,0.2984996014373572,5.831882477283517,4975,5315
679,2012-11-09,4,1,11,0,5,1,1,0.361667,0.355413,0.43232317927785674,0.1943802245980992,6.565264970035361,5283,5992
680,2012-11-10,4,1,11,0,6,0,1,0.389167,0.393937,0.4979938475335243,0.05623457612215499,7.645397699428633,4446,6536
681,2012-11-11,4,1,11,0,0,0,1,0.420833,0.421713,0.5063156691921527,0.12000279239469637,7.736743682453495,4562,6852
682,2012-11-12,4,1,11,1,1,0,1,0.485,0.475383,0.5548427005703065,0.1600052227826227,7.001245622069476,5172,6269
683,2012-11-13,4,1,11,0,2,1,2,0.343333,0.323225,0.5085732891636916,0.29419531516025194,5.793013608384144,3767,4094
684,2012-11-14,4,1,11,0,3,1,1,0.289167,0.281563,0.4395978997124992,0.18200900795565472,5.924255797414532,5122,5495
685,2012-11-15,4,1,11,0,4,1,2,0.321667,0.324492,0.48268352352809746,0.14235596628840713,5.771441123130016,5125,5445
686,2012-11-16,4,1,11,0,5,1,1,0.345,0.347204,0.42172093004417355,0.15787943366181248,6.184148890937483,5214,5698
687,2012-11-17,4,1,11,0,6,0,1,0.325,0.326383,0.43529377684509163,0.16528475108449442,7.1808311990445555,4316,5629
688,2012-11-18,4,1,11,0,0,0,1,0.3425,0.337746,0.5264530765505135,0.20507081888673287,6.827629234502852,3747,4669
689,2012-11-19,4,1,11,0,1,1,2,0.380833,0.375621,0.48448144308755864,0.2111252196205533,6.1092475827643655,5050,5499
690,2012-11-20,4,1,11,0,2,1,2,0.374167,0.380667,0.521765563804325,0.07948101149022876,6.282266746896006,5100,5634
691,2012-11-21,4,1,11,0,3,1,1,0.353333,0.364892,0.4785606631787152,0.0982567435094626,6.423246963533519,4531,5146
692,2012-11-22,4,1,11,1,4,0,1,0.34,0.350371,0.4576887362676828,0.05152052856790851,6.862757913051401,1470,2425
693,2012-11-23,4,1,11,0,5,1,1,0.368333,0.378779,0.450279123897957,0.13803959041299244,7.38025578842646,2307,3910
694,2012-11-24,4,1,11,0,6,0,1,0.278333,0.248742,0.33974046157969245,0.3198135334408816,6.278521424165844,1745,2277
695,2012-11-25,4,1,11,0,0,0,1,0.245833,0.257583,0.3841277437052514,0.14019663049328351,5.736572297479192,2115,2424
696,2012-11-26,4,1,11,0,1,1,1,0.313333,0.339004,0.42880200538371294,0.04559458755839199,5.823045895483019,4750,5087
697,2012-11-27,4,1,11,0,2,1,2,0.291667,0.281558,0.5803518729817477,0.21314331521579563,4.820281565605037,3836,3959
698,2012-11-28,4,1,11,0,3,1,1,0.296667,0.289762,0.40962311825682807,0.19129864191987903,5.293304824724492,5062,5260
699,2012-11-29,4,1,11,0,4,1,1,0.28087,0.298422,0.44189475035711867,0.10932245679368617,5.497168225293202,5080,5323
700,2012-11-30,4,1,11,0,5,1,1,0.298333,0.323867,0.5005225286988432,0.05682522500537984,5.8944028342648505,5306,5668
701,2012-12-01,4,1,12,0,6,0,2,0.298333,0.316904,0.5914837112852731,0.057989812576663,6.858565034791365,4240,5191
702,2012-12-02,4,1,12,0,0,0,2,0.3475,0.359208,0.6006661449504069,0.1172308832482947,6.794586580876499,3757,4649
703,2012-12-03,4,1,12,0,1,1,1,0.4525,0.455796,0.5695661187885906,0.07947713238136349,6.320768294250582,5679,6234
704,2012-12-04,4,1,12,0,2,1,1,0.475833,0.469054,0.5502866926469042,0.16052659611903144,6.313548046277095,6055,6606
705,2012-12-05,4,1,12,0,3,1,1,0.438333,0.428012,0.3954147722546629,0.280673318416222,5.805134968916488,5398,5729
706,2012-12-06,4,1,12,0,4,1,1,0.255833,0.258204,0.41128149342960424,0.16105876397477403,5.831882477283517,5035,5375
707,2012-12-07,4,1,12,0,5,1,2,0.320833,0.321958,0.5676786243053782,0.12274846525905336,5.857933154483459,4659,5008
708,2012-12-08,4,1,12,0,6,0,2,0.381667,0.389508,0.6477574782611351,0.09656303102201827,7.050989447068045,4429,5582
709,2012-12-09,4,1,12,0,0,0,2,0.384167,0.390146,0.6447008822618674,0.14667278997129943,6.091309882077698,2787,3228
710,2012-12-10,4,1,12,0,1,1,2,0.435833,0.435575,0.6549259677397475,0.1742120971638185,5.799092654460526,4841,5170
711,2012-12-11,4,1,12,0,2,1,2,0.353333,0.338363,0.4679183315229596,0.2593111469052731,5.645446897643238,5219,5501
712,2012-12-12,4,1,12,0,3,1,2,0.2975,0.297338,0.43069936260195857,0.1509487018199113,5.739792912179234,5009,5319
713,2012-12-13,4,1,12,0,4,1,1,0.295833,0.294188,0.3959755577460253,0.16052659611903144,6.054439346269371,5107,5532
714,2012-12-14,4,1,12,0,5,1,1,0.281667,0.294192,0.4964733204327692,0.12330465232378267,6.063785208687608,5182,5611
715,2012-12-15,4,1,12,0,6,0,1,0.324167,0.338383,0.5010279832550589,0.10106630873480299,6.643789733147672,4280,5047
716,2012-12-16,4,1,12,0,0,0,2,0.3625,0.369938,0.6090859929335102,0.09598449785534212,6.289715570908998,3248,3786
717,2012-12-17,4,1,12,0,1,1,2,0.393333,0.4015,0.6455748495306114,0.0937255613229999,5.3612921657094255,4373,4585
718,2012-12-18,4,1,12,0,2,1,1,0.410833,0.409708,0.5105755925107813,0.20000101673194248,6.073044534100405,5124,5557
719,2012-12-19,4,1,12,0,3,1,1,0.3325,0.342162,0.48576439824622014,0.16897623614581803,5.811140992976701,4934,5267
720,2012-12-20,4,1,12,0,4,1,2,0.33,0.335217,0.5115755425066291,0.12439490675966292,5.752572638825633,3814,4128
721,2012-12-21,1,1,12,0,5,1,2,0.326667,0.301767,0.44254699714543566,0.31800490313759655,5.402677381872279,3402,3623
722,2012-12-22,1,1,12,0,6,0,1,0.265833,0.236113,0.36551079260113173,0.3417056611912243,5.327876168789581,1544,1749
723,2012-12-23,1,1,12,0,0,0,1,0.245833,0.259471,0.4156906486124346,0.12494223620296512,6.013715156042802,1379,1787
724,2012-12-24,1,1,12,0,1,1,2,0.231304,0.2589,0.5829438462515549,0.07439330287161212,5.1647859739235145,746,920
725,2012-12-25,1,1,12,1,2,0,2,0.291304,0.294465,0.5508823335305524,0.15591426665056035,6.089044875446846,573,1013
726,2012-12-26,1,1,12,0,3,1,3,0.243333,0.220333,0.6006661449504069,0.27501164047558874,2.302585092994046,432,441
727,2012-12-27,1,1,12,0,4,1,2,0.254167,0.226642,0.5025416058419986,0.3002031061162261,5.5134287461649825,1867,2114
728,2012-12-28,1,1,12,0,5,1,2,0.253333,0.255046,0.4637340162321401,0.14450805305690434,6.4692503167957724,2451,3095
729,2012-12-29,1,1,12,0,6,0,2,0.253333,0.2424,0.5612812574137241,0.11723444076127294,5.075173815233827,1182,1341
730,2012-12-30,1,1,12,0,0,0,1,0.255833,0.2317,0.3942915827909128,0.30066295505543983,5.8998973535824915,1432,1796
731,2012-12-31,1,1,12,0,1,1,2,0.215833,0.223487,0.4558413154332312,0.14396700175074445,6.0867747269123065,2290,2729
